{"digest":"90518b619aa4bd61ab28e2a1266b019e77cdc6d7","css":".github-Accordion {\n  cursor: default;\n  user-select: none;\n}\n.github-Accordion-header {\n  font-weight: 600;\n  color: #555;\n  padding: 5px;\n  border-bottom: 1px solid rgba(0, 0, 0, 0.5);\n  display: flex;\n  align-items: center;\n}\n.github-Accordion-header::-webkit-details-marker {\n  color: #555;\n}\n.github-Accordion--rightTitle,\n.github-Accordion--leftTitle {\n  flex: 1;\n}\n.github-Accordion-content {\n  border-bottom: 1px solid rgba(0, 0, 0, 0.5);\n  background-color: #292c2f;\n}\n.github-Accordion-content:empty::before {\n  content: \"Empty\";\n  display: block;\n  font-style: italic;\n  text-align: center;\n  color: #555;\n}\n.github-Accordion-list {\n  margin: 0;\n  padding: 0;\n  list-style: none;\n}\n.github-Accordion[open] .github-Accordion-header {\n  color: #fff;\n}\n.github-Accordion-listItem {\n  display: flex;\n  align-items: center;\n  padding: 2.5px;\n  border-bottom: 1px solid rgba(0, 0, 0, 0.5);\n}\n.github-Accordion-listItem:last-child {\n  border: none;\n}\n.github-Accordion-listItem:active {\n  background-color: rgba(255, 255, 255, 0.07);\n}\n","imports":[{"path":"static/variables/ui-variables.less","digest":"b28ed6c38c4cfce23f83a1b012a3968aa63fce4c"},{"path":"static/variables/syntax-variables.less","digest":"812c1b7883a023f768773d14294653adcdb932d7"},{"path":"node_modules/github/styles/variables.less","digest":"c9eb75db5f3647898c9605e16775cc8ffcadf55e"},{"path":"static/variables/ui-variables.less","digest":"b28ed6c38c4cfce23f83a1b012a3968aa63fce4c"},{"path":"static/variables/syntax-variables.less","digest":"812c1b7883a023f768773d14294653adcdb932d7"},{"path":"node_modules/atom-dark-ui/styles/ui-variables.less","digest":"bbc53164b15cea5f3aeeddd1ea77a4e7bd5f8503"},{"path":"node_modules/one-dark-syntax/styles/syntax-variables.less","digest":"4737e2c84347b1a399426a81fc903dd3ce1abb52"},{"path":"node_modules/one-dark-syntax/styles/colors.less","digest":"66bba03e9aabff000a84c2839a9d3e9a9fa08e0e"}],"version":1}