{"digest":"b8209a3a4978893ded14af34e12802d8f14c250b","css":".github-BranchMenuView .hidden {\n  display: none;\n}\n.github-BranchMenuView-selector {\n  display: flex;\n  align-items: center;\n}\n.github-BranchMenuView-item {\n  margin: 5px;\n}\n.github-BranchMenuView .icon-sync::before {\n  animation: github-BranchViewSync-animation 2s linear 30;\n}\n@keyframes github-BranchViewSync-animation {\n  100% {\n    transform: rotate(360deg);\n  }\n}\n.github-BranchMenuView .icon-git-branch {\n  flex-basis: 16px;\n  flex-grow: 0;\n  flex-shrink: 0;\n  color: #555;\n}\n.github-BranchMenuView .icon-git-branch::before {\n  margin-right: 0;\n  text-align: center;\n}\n.github-BranchMenuView-select {\n  flex-grow: 1;\n  flex-shrink: 1;\n  width: 100%;\n}\n.github-BranchMenuView-button {\n  flex-grow: 0;\n  flex-shrink: 0;\n}\n.github-BranchMenuView-editor {\n  flex: 1;\n}\n.github-BranchMenuView-editor atom-text-editor,\n.github-BranchMenuView-editor atom-text-editor .cursor-line {\n  background-color: inherit;\n}\n.github-BranchMenuView-editor atom-text-editor[mini] {\n  font-size: inherit;\n  text-align: left;\n}\n.github-BranchMenuView-editor atom-text-editor[readonly] {\n  color: #555;\n  pointer-events: none;\n}\n.github-BranchMenuView-message {\n  max-height: 20em;\n  margin: 5px;\n  padding: 5px;\n  line-height: 1.4;\n  white-space: normal;\n  text-align: left;\n  overflow-y: auto;\n  border: 1px solid rgba(0, 0, 0, 0.5);\n  border-radius: 2px;\n  background-color: #161719;\n}\n.github-BranchMenuView-message:empty {\n  display: none;\n}\n","imports":[{"path":"static/variables/ui-variables.less","digest":"b28ed6c38c4cfce23f83a1b012a3968aa63fce4c"},{"path":"static/variables/syntax-variables.less","digest":"812c1b7883a023f768773d14294653adcdb932d7"},{"path":"node_modules/github/styles/variables.less","digest":"c9eb75db5f3647898c9605e16775cc8ffcadf55e"},{"path":"static/variables/ui-variables.less","digest":"b28ed6c38c4cfce23f83a1b012a3968aa63fce4c"},{"path":"static/variables/syntax-variables.less","digest":"812c1b7883a023f768773d14294653adcdb932d7"},{"path":"node_modules/atom-dark-ui/styles/ui-variables.less","digest":"bbc53164b15cea5f3aeeddd1ea77a4e7bd5f8503"},{"path":"node_modules/one-dark-syntax/styles/syntax-variables.less","digest":"4737e2c84347b1a399426a81fc903dd3ce1abb52"},{"path":"node_modules/one-dark-syntax/styles/colors.less","digest":"66bba03e9aabff000a84c2839a9d3e9a9fa08e0e"}],"version":1}