{"digest":"40cefd199170c4928c60cd1e593dce5d3bd430fa","css":".github-CoAuthorForm {\n  display: flex;\n  flex-direction: column;\n  margin-top: 10px;\n  padding: 5px;\n  border-radius: 2px 2px 0 0;\n  border: 1px solid rgba(0, 0, 0, 0.5);\n  border-bottom: 0;\n  background-color: #282c34;\n}\n.github-CoAuthorForm-row {\n  display: flex;\n  align-items: center;\n  margin: 5px;\n}\n.github-CoAuthorForm-row.has-buttons {\n  margin: 0;\n  flex-wrap: wrap;\n}\n.github-CoAuthorForm-row.has-buttons .btn {\n  flex: 1;\n  margin: 5px;\n}\n.github-CoAuthorForm-row.has-buttons .btn-primary {\n  flex: 4;\n}\n.github-CoAuthorForm-label {\n  min-width: 6ch;\n}\n.github-CoAuthorForm + .github-CommitView-coAuthorEditor {\n  margin-top: 0;\n  border-top-left-radius: 0;\n  border-top-right-radius: 0;\n}\n","imports":[{"path":"static/variables/ui-variables.less","digest":"b28ed6c38c4cfce23f83a1b012a3968aa63fce4c"},{"path":"static/variables/syntax-variables.less","digest":"812c1b7883a023f768773d14294653adcdb932d7"},{"path":"node_modules/github/styles/variables.less","digest":"c9eb75db5f3647898c9605e16775cc8ffcadf55e"},{"path":"static/variables/ui-variables.less","digest":"b28ed6c38c4cfce23f83a1b012a3968aa63fce4c"},{"path":"static/variables/syntax-variables.less","digest":"812c1b7883a023f768773d14294653adcdb932d7"},{"path":"node_modules/atom-dark-ui/styles/ui-variables.less","digest":"bbc53164b15cea5f3aeeddd1ea77a4e7bd5f8503"},{"path":"node_modules/one-dark-syntax/styles/syntax-variables.less","digest":"4737e2c84347b1a399426a81fc903dd3ce1abb52"},{"path":"node_modules/one-dark-syntax/styles/colors.less","digest":"66bba03e9aabff000a84c2839a9d3e9a9fa08e0e"}],"version":1}