{"digest":"6a4feac5f2f061b64accc430596bd2180801cd1a","css":".github-CommitDetailView {\n  display: flex;\n  flex-direction: column;\n  height: 100%;\n}\n.github-CommitDetailView-header {\n  flex: 0;\n  border-bottom: 1px solid rgba(0, 0, 0, 0.5);\n  background-color: #292c2f;\n}\n.github-CommitDetailView-commit {\n  padding: 20px;\n  padding-bottom: 0;\n}\n.github-CommitDetailView-title {\n  margin: 0 0 .25em 0;\n  font-size: 1.4em;\n  line-height: 1.3;\n  color: #fff;\n}\n.github-CommitDetailView-avatar {\n  border-radius: 2px;\n  height: 16px;\n  margin-right: .4em;\n  width: 16px;\n}\n.github-CommitDetailView-meta {\n  display: flex;\n  align-items: center;\n  margin: 5px 0 20px 0;\n}\n.github-CommitDetailView-metaText {\n  flex: 1;\n  margin-left: 22.4px;\n  line-height: 16px;\n  color: #555;\n}\n.github-CommitDetailView-moreButton {\n  position: absolute;\n  left: 50%;\n  transform: translate(-50%, -50%);\n  padding: 0em .4em;\n  color: #555;\n  font-style: italic;\n  border: 1px solid rgba(0, 0, 0, 0.5);\n  border-radius: 2px;\n  background-color: #43484d;\n}\n.github-CommitDetailView-moreButton:hover {\n  background-color: #4f555b;\n}\n.github-CommitDetailView-moreText {\n  padding: 20px 0;\n  font-size: inherit;\n  font-family: var(--editor-font-family);\n  word-wrap: initial;\n  word-break: break-word;\n  white-space: pre-wrap;\n  border-top: 1px solid rgba(0, 0, 0, 0.5);\n  background-color: transparent;\n  max-height: 55vh;\n}\n.github-CommitDetailView-moreText:empty {\n  display: none;\n}\n.github-CommitDetailView-sha {\n  flex: 0 0 7ch;\n  margin-left: 20px;\n  line-height: 16px;\n  color: #555;\n  font-family: var(--editor-font-family);\n  white-space: nowrap;\n  overflow: hidden;\n}\n.github-CommitDetailView-sha a {\n  color: #5293d8;\n}\n","imports":[{"path":"static/variables/ui-variables.less","digest":"b28ed6c38c4cfce23f83a1b012a3968aa63fce4c"},{"path":"static/variables/syntax-variables.less","digest":"812c1b7883a023f768773d14294653adcdb932d7"},{"path":"node_modules/github/styles/variables.less","digest":"c9eb75db5f3647898c9605e16775cc8ffcadf55e"},{"path":"static/variables/ui-variables.less","digest":"b28ed6c38c4cfce23f83a1b012a3968aa63fce4c"},{"path":"static/variables/syntax-variables.less","digest":"812c1b7883a023f768773d14294653adcdb932d7"},{"path":"node_modules/atom-dark-ui/styles/ui-variables.less","digest":"bbc53164b15cea5f3aeeddd1ea77a4e7bd5f8503"},{"path":"node_modules/one-dark-syntax/styles/syntax-variables.less","digest":"4737e2c84347b1a399426a81fc903dd3ce1abb52"},{"path":"node_modules/one-dark-syntax/styles/colors.less","digest":"66bba03e9aabff000a84c2839a9d3e9a9fa08e0e"}],"version":1}