{"digest":"c35fece8fa56f7c6191bfe08c3f1feb67bd659a1","css":".github-DialogPrompt {\n  margin: 10px;\n  text-align: center;\n  font-size: 1.2em;\n  user-select: none;\n}\n.github-DialogForm {\n  display: flex;\n  flex-direction: column;\n  padding: 5px;\n}\n.github-DialogLabel {\n  flex: 1;\n  margin: 5px;\n  position: relative;\n  line-height: 2;\n}\n.github-DialogLabel--horizontal {\n  display: flex;\n  flex-direction: row;\n  justify-content: flex-end;\n  align-items: center;\n}\n.github-DialogLabel--horizontal input {\n  margin: 0 10px;\n}\n.github-DialogLabel--horizontal input[type=\"text\"],\n.github-DialogLabel--horizontal input[type=\"password\"] {\n  width: 85%;\n}\n.github-DialogLabel .github-AtomTextEditor-container {\n  margin-top: 5px;\n}\n.github-DialogFooter {\n  display: flex;\n  flex-direction: row;\n  align-items: center;\n}\n.github-DialogInfo {\n  display: inline-block;\n  flex-grow: 1;\n  margin: 5px;\n  padding: 5px;\n}\n.github-DialogInfo li {\n  display: inline-block;\n}\n.github-DialogButtons {\n  flex-grow: 0;\n  display: flex;\n  align-items: center;\n  justify-content: flex-end;\n  padding: 5px;\n}\n.platform-win32 .github-DialogButtons {\n  flex-direction: row-reverse;\n  justify-content: flex-start;\n}\n.github-DialogButtons .btn {\n  margin: 5px;\n}\n.github-DialogButtons-leftItem,\n.github-DialogButtons-leftItem.btn {\n  margin: 5px;\n  margin-right: auto;\n}\n.github-Dialog--insetButton {\n  position: absolute;\n  background: transparent;\n  right: 1em;\n  top: 0;\n  bottom: 0;\n  border: none;\n  color: #555;\n  cursor: pointer;\n}\n.github-Dialog--insetButton:hover {\n  color: #fff;\n}\n.github-Dialog--insetButton:focus {\n  border: solid 1px #5c6064;\n  border-radius: 4px;\n}\n.github-DialogSpinner {\n  display: flex;\n  align-items: center;\n  justify-content: center;\n  padding: 10px;\n}\n.github-DialogSpinner .loading {\n  margin: 10px;\n}\n.github-Dialog-row {\n  display: flex;\n  flex-direction: row;\n  align-items: stretch;\n}\n.github-Dialog atom-text-editor[mini].editor {\n  margin: 0;\n}\n.github-Dialog atom-text-editor[mini].editor[readOnly] {\n  color: #555;\n}\n.github-Dialog:not(:focus-within) {\n  padding-bottom: 1px;\n  transition: padding-bottom 0.01s;\n}\n.github-TabbableWrapper {\n  display: flex;\n  flex: 1;\n}\n.github-RepositoryHome {\n  display: flex;\n  flex-direction: row;\n  justify-content: flex-start;\n  align-items: center;\n}\n.github-RepositoryHome-owner {\n  flex: 1;\n}\n.github-RepositoryHome-owner .Select-control {\n  border-color: rgba(0, 0, 0, 0.5);\n}\n.github-RepositoryHome-owner.Select--single > .Select-control .Select-value.Select-value {\n  background: #43484d;\n}\n.github-RepositoryHome-owner.Select.has-value.Select--single > .Select-control .Select-value .Select-value-label {\n  color: #aaa;\n}\n.github-RepositoryHome-owner .Select-option {\n  background: #43484d;\n  color: #aaa;\n}\n.github-RepositoryHome-owner .Select-option.is-focused {\n  background: #5c6064;\n}\n.github-RepositoryHome-owner .Select-option.is-disabled {\n  color: #555;\n}\n.github-RepositoryHome-ownerOption {\n  display: flex;\n  flex-direction: row;\n  justify-content: flex-start;\n  align-items: center;\n}\n.github-RepositoryHome-ownerAvatar {\n  flex: 0;\n  border-radius: 2.5px;\n  margin: 0 10px 0 0;\n}\n.github-RepositoryHome-ownerUnwritable {\n  display: flex;\n  flex-direction: row;\n  justify-content: flex-end;\n  align-items: center;\n}\n.github-RepositoryHome-separator {\n  flex: 0;\n  margin: 0 10px;\n}\n.github-RepositoryHome .github-AtomTextEditor-container {\n  flex: 1.5;\n}\n.github-RemoteConfiguration-details summary {\n  cursor: default;\n  user-select: none;\n  margin: 10px 0;\n}\n.github-RemoteConfiguration-details summary:focus {\n  border: solid 1px #5c6064;\n  border-radius: 4px;\n}\n.github-RemoteConfiguration-details main {\n  padding-top: 10px;\n}\n.github-RemoteConfiguration-protocol {\n  display: inline-flex;\n  align-items: center;\n}\n.github-RemoteConfiguration-protocolHeading {\n  display: inline-block;\n  margin-right: 10px;\n}\n.github-RemoteConfiguration-protocolOption {\n  display: inline-flex;\n  align-items: center;\n  padding: 2.5px;\n  margin-right: 10px;\n}\n.github-RemoteConfiguration-protocolOption:focus-within {\n  border: solid 1px #5c6064;\n  border-radius: 4px;\n}\n.github-RemoteConfiguration-sourceRemote {\n  width: 60%;\n}\n.github-RemoteConfiguration-sourceRemote label {\n  display: flex;\n  align-items: center;\n}\n.github-RemoteConfiguration-sourceRemote label .github-AtomTextEditor-container {\n  flex: 1;\n  margin-left: 10px;\n}\n.github-Create-visibility {\n  display: inline-flex;\n  align-items: center;\n}\n.github-Create-visibilityHeading {\n  display: inline-block;\n  margin-right: 20px;\n}\n.github-Create-visibilityOption {\n  display: inline-flex;\n  align-items: center;\n  padding: 2.5px;\n  margin-right: 10px;\n}\n.github-Create-visibilityOption:focus-within {\n  border: solid 1px #5c6064;\n  border-radius: 4px;\n}\n.github-Create-visibilityOption span::before {\n  margin-left: 5px;\n  margin-right: 5px;\n}\n","imports":[{"path":"static/variables/ui-variables.less","digest":"b28ed6c38c4cfce23f83a1b012a3968aa63fce4c"},{"path":"static/variables/syntax-variables.less","digest":"812c1b7883a023f768773d14294653adcdb932d7"},{"path":"node_modules/github/styles/variables.less","digest":"c9eb75db5f3647898c9605e16775cc8ffcadf55e"},{"path":"static/variables/ui-variables.less","digest":"b28ed6c38c4cfce23f83a1b012a3968aa63fce4c"},{"path":"static/variables/syntax-variables.less","digest":"812c1b7883a023f768773d14294653adcdb932d7"},{"path":"node_modules/atom-dark-ui/styles/ui-variables.less","digest":"bbc53164b15cea5f3aeeddd1ea77a4e7bd5f8503"},{"path":"node_modules/one-dark-syntax/styles/syntax-variables.less","digest":"4737e2c84347b1a399426a81fc903dd3ce1abb52"},{"path":"node_modules/one-dark-syntax/styles/colors.less","digest":"66bba03e9aabff000a84c2839a9d3e9a9fa08e0e"}],"version":1}