{"digest":"a86dc9565052d0e9c830974a7f164ae66a7b0e06","css":".github-FilePatchListView:empty:before {\n  content: 'No changes';\n  display: block;\n  padding: 10px;\n  text-align: center;\n  color: #555;\n  font-style: italic;\n}\n.github-FilePatchListView-item {\n  position: relative;\n  display: flex;\n  align-items: flex-start;\n  padding: 5px 10px;\n  padding-left: 35px;\n  overflow: hidden;\n  -webkit-user-select: none;\n  cursor: default;\n}\n.github-FilePatchListView-icon {\n  text-align: right;\n}\n.github-FilePatchListView-icon:before {\n  margin-right: 8.33333333px;\n}\n.github-FilePatchListView-path {\n  flex: 1;\n  word-break: break-word;\n}\n.github-FilePatchListView-resolutionItem {\n  padding-top: 0;\n  padding-bottom: 5px;\n}\n.github-MergeConflictPaths .github-FilePatchListView-icon:last-child {\n  margin-left: 5px;\n}\n","imports":[{"path":"static/variables/ui-variables.less","digest":"b28ed6c38c4cfce23f83a1b012a3968aa63fce4c"},{"path":"static/variables/syntax-variables.less","digest":"812c1b7883a023f768773d14294653adcdb932d7"},{"path":"node_modules/github/styles/variables.less","digest":"c9eb75db5f3647898c9605e16775cc8ffcadf55e"},{"path":"static/variables/ui-variables.less","digest":"b28ed6c38c4cfce23f83a1b012a3968aa63fce4c"},{"path":"static/variables/syntax-variables.less","digest":"812c1b7883a023f768773d14294653adcdb932d7"},{"path":"node_modules/atom-dark-ui/styles/ui-variables.less","digest":"bbc53164b15cea5f3aeeddd1ea77a4e7bd5f8503"},{"path":"node_modules/one-dark-syntax/styles/syntax-variables.less","digest":"4737e2c84347b1a399426a81fc903dd3ce1abb52"},{"path":"node_modules/one-dark-syntax/styles/colors.less","digest":"66bba03e9aabff000a84c2839a9d3e9a9fa08e0e"}],"version":1}