{"digest":"11d1a16a856f2b97711c2711c54286e933de4bd1","css":".github-DotComMarkdownHtml {\n  font-size: 1.15em;\n  line-height: 1.5;\n}\n.github-DotComMarkdownHtml > *:first-child {\n  margin-top: 0;\n}\n.github-DotComMarkdownHtml > *:last-child {\n  margin-bottom: 0;\n}\n.github-DotComMarkdownHtml h1,\n.github-DotComMarkdownHtml h2,\n.github-DotComMarkdownHtml h3,\n.github-DotComMarkdownHtml h4,\n.github-DotComMarkdownHtml h5,\n.github-DotComMarkdownHtml h6 {\n  line-height: 1.2;\n  margin-top: 1em;\n  margin-bottom: 0.33333333em;\n  color: #fff;\n}\n.github-DotComMarkdownHtml h1 {\n  font-size: 1.5em;\n  font-weight: 400;\n}\n.github-DotComMarkdownHtml h2 {\n  font-size: 1.3em;\n  font-weight: 400;\n}\n.github-DotComMarkdownHtml h3 {\n  font-size: 1.2em;\n  font-weight: 500;\n}\n.github-DotComMarkdownHtml h4 {\n  font-size: 1.1em;\n  font-weight: 600;\n}\n.github-DotComMarkdownHtml h5 {\n  font-size: 1em;\n  font-weight: 600;\n}\n.github-DotComMarkdownHtml h6 {\n  font-size: .9em;\n  font-weight: 600;\n}\n.github-DotComMarkdownHtml h2 {\n  padding-bottom: .25em;\n  margin-bottom: 0.5em;\n  border-bottom: 1px solid rgba(0, 0, 0, 0.5);\n}\n.github-DotComMarkdownHtml strong {\n  color: #fff;\n}\n.github-DotComMarkdownHtml del {\n  color: #555;\n}\n.github-DotComMarkdownHtml a,\n.github-DotComMarkdownHtml a code {\n  color: #5293d8;\n}\n.github-DotComMarkdownHtml img {\n  max-width: 100%;\n}\n.github-DotComMarkdownHtml > p {\n  margin-top: 0;\n  margin-bottom: 1em;\n}\n.github-DotComMarkdownHtml > ul,\n.github-DotComMarkdownHtml > ol {\n  margin-bottom: 1em;\n  padding-left: 2em;\n}\n.github-DotComMarkdownHtml li {\n  padding-top: .1em;\n  padding-bottom: .1em;\n}\n.github-DotComMarkdownHtml li li {\n  font-size: 1em;\n}\n.github-DotComMarkdownHtml .task-list-item {\n  position: relative;\n  list-style: none;\n}\n.github-DotComMarkdownHtml .task-list-item .task-list-item-checkbox {\n  position: absolute;\n  margin-left: -20px;\n}\n.github-DotComMarkdownHtml blockquote {\n  margin: 1em 0;\n  padding: .25em 1em;\n  font-size: inherit;\n  color: #555;\n  border-color: rgba(0, 0, 0, 0.5);\n  border-width: 3px;\n}\n.github-DotComMarkdownHtml hr {\n  margin: 1.5em 25%;\n  border-top: 1px solid rgba(0, 0, 0, 0.5);\n  background: none;\n}\n.github-DotComMarkdownHtml table {\n  margin: 1em 0;\n}\n.github-DotComMarkdownHtml th {\n  color: #fff;\n}\n.github-DotComMarkdownHtml th,\n.github-DotComMarkdownHtml td {\n  padding: .66em 1em;\n  border: 1px solid rgba(0, 0, 0, 0.5);\n}\n.github-DotComMarkdownHtml pre,\n.github-DotComMarkdownHtml code {\n  color: #fff;\n  background-color: rgba(255, 255, 255, 0.07);\n}\n.github-DotComMarkdownHtml pre {\n  margin: 1em 0;\n}\n.github-DotComMarkdownHtml pre > code {\n  white-space: pre;\n}\n.github-DotComMarkdownHtml .highlight {\n  margin: 1em 0;\n}\n.github-DotComMarkdownHtml .highlight pre {\n  margin: 0;\n}\n.github-DotComMarkdownHtml kbd {\n  color: #fff;\n  border: 1px solid rgba(0, 0, 0, 0.5);\n  border-bottom: 2px solid rgba(0, 0, 0, 0.5);\n  background-color: rgba(255, 255, 255, 0.07);\n}\n.github-DotComMarkdownHtml .issue-link {\n  color: #555;\n}\n.github-DotComMarkdownHtml .js-suggested-changes-blob {\n  margin: 1em 0;\n}\n.github-EmojiReactions:empty {\n  display: none;\n}\n.github-EmojiReactionsGroup {\n  margin-right: 20px;\n}\n","imports":[{"path":"static/variables/ui-variables.less","digest":"b28ed6c38c4cfce23f83a1b012a3968aa63fce4c"},{"path":"static/variables/syntax-variables.less","digest":"812c1b7883a023f768773d14294653adcdb932d7"},{"path":"node_modules/github/styles/variables.less","digest":"c9eb75db5f3647898c9605e16775cc8ffcadf55e"},{"path":"static/variables/ui-variables.less","digest":"b28ed6c38c4cfce23f83a1b012a3968aa63fce4c"},{"path":"static/variables/syntax-variables.less","digest":"812c1b7883a023f768773d14294653adcdb932d7"},{"path":"node_modules/atom-dark-ui/styles/ui-variables.less","digest":"bbc53164b15cea5f3aeeddd1ea77a4e7bd5f8503"},{"path":"node_modules/one-dark-syntax/styles/syntax-variables.less","digest":"4737e2c84347b1a399426a81fc903dd3ce1abb52"},{"path":"node_modules/one-dark-syntax/styles/colors.less","digest":"66bba03e9aabff000a84c2839a9d3e9a9fa08e0e"}],"version":1}