{"digest":"47ec5ae097d2268ffef8d3b87e20178b512f9cbe","css":".github-IssueishBadge {\n  display: inline-block;\n  padding: 0.26666667em 0.4em;\n  font-size: .9em;\n  font-weight: 500;\n  line-height: 1;\n  text-transform: capitalize;\n  border-radius: 2px;\n  white-space: nowrap;\n}\n.github-IssueishBadge .icon::before {\n  font-size: inherit;\n  width: auto;\n  height: auto;\n  margin-right: 0.2em;\n}\n.github-IssueishBadge.open {\n  color: white;\n  background-color: #28a745;\n}\n.github-IssueishBadge.closed {\n  color: white;\n  background-color: #dc3545;\n}\n.github-IssueishBadge.merged {\n  color: white;\n  background-color: #6f42c1;\n}\n","imports":[{"path":"static/variables/ui-variables.less","digest":"b28ed6c38c4cfce23f83a1b012a3968aa63fce4c"},{"path":"static/variables/syntax-variables.less","digest":"812c1b7883a023f768773d14294653adcdb932d7"},{"path":"node_modules/github/styles/variables.less","digest":"c9eb75db5f3647898c9605e16775cc8ffcadf55e"},{"path":"static/variables/ui-variables.less","digest":"b28ed6c38c4cfce23f83a1b012a3968aa63fce4c"},{"path":"static/variables/syntax-variables.less","digest":"812c1b7883a023f768773d14294653adcdb932d7"},{"path":"node_modules/atom-dark-ui/styles/ui-variables.less","digest":"bbc53164b15cea5f3aeeddd1ea77a4e7bd5f8503"},{"path":"node_modules/one-dark-syntax/styles/syntax-variables.less","digest":"4737e2c84347b1a399426a81fc903dd3ce1abb52"},{"path":"node_modules/one-dark-syntax/styles/colors.less","digest":"66bba03e9aabff000a84c2839a9d3e9a9fa08e0e"}],"version":1}