{"digest":"8e02635aa2245c6b483dc75ba166eb986329ef84","css":".github-IssueishTooltip {\n  display: flex;\n  flex-direction: column;\n  padding: 5px;\n  font-size: .9em;\n  text-align: left;\n}\n.github-IssueishTooltip .issueish-avatar-and-title {\n  display: flex;\n  align-items: center;\n  margin: 5px;\n}\n.github-IssueishTooltip .author-avatar {\n  margin-right: 10px;\n  flex: 0 0 26px;\n  width: 26px;\n  height: 26px;\n  align-self: flex-start;\n  border-radius: 2px;\n}\n.github-IssueishTooltip .issueish-title {\n  margin: 0;\n  font-size: 1.25em;\n  font-weight: 600;\n  line-height: 1.3;\n  color: #fff;\n  white-space: initial;\n}\n.github-IssueishTooltip .issueish-badge-and-link {\n  margin: 5px;\n}\n.github-IssueishTooltip .issueish-badge {\n  margin-right: 10px;\n  font-weight: 500;\n  text-transform: capitalize;\n  border-radius: 2px;\n}\n.github-IssueishTooltip .issueish-badge.open {\n  color: white;\n  background-color: #28a745;\n}\n.github-IssueishTooltip .issueish-badge.closed {\n  color: white;\n  background-color: #dc3545;\n}\n.github-IssueishTooltip .issueish-badge.merged {\n  color: white;\n  background-color: #6f42c1;\n}\n.github-IssueishTooltip .issueish-badge .icon:before {\n  width: auto;\n  font-size: 14px;\n  vertical-align: -1px;\n}\n.github-IssueishTooltip .issueish-link {\n  color: #555;\n}\n","imports":[{"path":"static/variables/ui-variables.less","digest":"b28ed6c38c4cfce23f83a1b012a3968aa63fce4c"},{"path":"static/variables/syntax-variables.less","digest":"812c1b7883a023f768773d14294653adcdb932d7"},{"path":"node_modules/github/styles/variables.less","digest":"c9eb75db5f3647898c9605e16775cc8ffcadf55e"},{"path":"static/variables/ui-variables.less","digest":"b28ed6c38c4cfce23f83a1b012a3968aa63fce4c"},{"path":"static/variables/syntax-variables.less","digest":"812c1b7883a023f768773d14294653adcdb932d7"},{"path":"node_modules/atom-dark-ui/styles/ui-variables.less","digest":"bbc53164b15cea5f3aeeddd1ea77a4e7bd5f8503"},{"path":"node_modules/one-dark-syntax/styles/syntax-variables.less","digest":"4737e2c84347b1a399426a81fc903dd3ce1abb52"},{"path":"node_modules/one-dark-syntax/styles/colors.less","digest":"66bba03e9aabff000a84c2839a9d3e9a9fa08e0e"}],"version":1}