{"digest":"2bfbf0a0eda6af213eee7f347ad95bd41a9e043f","css":".react-tabs {\n  flex: 1;\n  display: flex;\n  flex-direction: column;\n}\n.react-tabs__tab-panel--selected {\n  flex: 1;\n  overflow: auto;\n}\n.github-tab {\n  padding: 5px 15px;\n  text-align: center;\n  font-weight: 600;\n  color: #8c8c8c;\n  cursor: default;\n  user-select: none;\n}\n.github-tablist {\n  flex: none;\n  display: flex;\n  justify-content: center;\n  padding: 0;\n  margin: 0;\n  list-style: none;\n  border-bottom: 1px solid rgba(0, 0, 0, 0.5);\n  background-color: #333;\n}\n.github-tab-icon {\n  color: #5a5a5a;\n  vertical-align: middle;\n}\n.github-tab-icon:before {\n  margin-right: .4em;\n}\n.github-tab-count {\n  display: inline-block;\n  background-color: #3a3a3a;\n  border-radius: 2px;\n  padding: 0 .25em;\n  margin-left: 5px;\n}\n.github-tab.react-tabs__tab--selected {\n  color: #fff;\n  box-shadow: 0 1px 0 #5c6064;\n}\n.github-tab.react-tabs__tab--selected .github-tab-icon {\n  color: #aaa;\n}\n","imports":[{"path":"static/variables/ui-variables.less","digest":"b28ed6c38c4cfce23f83a1b012a3968aa63fce4c"},{"path":"static/variables/syntax-variables.less","digest":"812c1b7883a023f768773d14294653adcdb932d7"},{"path":"node_modules/github/styles/variables.less","digest":"c9eb75db5f3647898c9605e16775cc8ffcadf55e"},{"path":"static/variables/ui-variables.less","digest":"b28ed6c38c4cfce23f83a1b012a3968aa63fce4c"},{"path":"static/variables/syntax-variables.less","digest":"812c1b7883a023f768773d14294653adcdb932d7"},{"path":"node_modules/atom-dark-ui/styles/ui-variables.less","digest":"bbc53164b15cea5f3aeeddd1ea77a4e7bd5f8503"},{"path":"node_modules/one-dark-syntax/styles/syntax-variables.less","digest":"4737e2c84347b1a399426a81fc903dd3ce1abb52"},{"path":"node_modules/one-dark-syntax/styles/colors.less","digest":"66bba03e9aabff000a84c2839a9d3e9a9fa08e0e"}],"version":1}