{"digest":"3ac1c29d906bd03a30c31055d63bb63269875e75","css":".git-plus .error {\n  color: #ff982d;\n}\n.git-plus .success {\n  color: #2BDA77;\n}\n.git-plus .atom-panel.modal.from-bottom {\n  width: 600px;\n}\n.git-plus.info-view {\n  overflow: auto;\n  max-height: 30vh;\n}\n.git-plus.info-view .output {\n  background-color: inherit;\n}\n.select-list-buttons {\n  margin-top: 5px;\n  display: flex;\n  flex-direction: row;\n  justify-content: space-between;\n}\natom-text-editor .syntax--diff .syntax--unimportant,\natom-text-editor.editor .syntax--diff .syntax--unimportant {\n  color: #494d57;\n}\natom-text-editor .syntax--diff .syntax--info,\natom-text-editor.editor .syntax--diff .syntax--info {\n  color: #e0c285;\n}\natom-text-editor .syntax--diff .syntax--deletion,\natom-text-editor.editor .syntax--diff .syntax--deletion {\n  color: #e05252;\n}\natom-text-editor .syntax--diff .syntax--insertion,\natom-text-editor.editor .syntax--diff .syntax--insertion {\n  color: #43d08a;\n}\natom-text-editor .syntax--diff .syntax--markup.syntax--removed.syntax--diff,\natom-text-editor.editor .syntax--diff .syntax--markup.syntax--removed.syntax--diff,\natom-text-editor .syntax--diff .syntax--meta.syntax--diff.syntax--header.syntax--from-file,\natom-text-editor.editor .syntax--diff .syntax--meta.syntax--diff.syntax--header.syntax--from-file {\n  border-bottom: 2px solid #e05252;\n}\natom-text-editor .syntax--diff .syntax--markup.syntax--added.syntax--diff,\natom-text-editor.editor .syntax--diff .syntax--markup.syntax--added.syntax--diff,\natom-text-editor .syntax--diff .syntax--meta.syntax--diff.syntax--header.syntax--to-file,\natom-text-editor.editor .syntax--diff .syntax--meta.syntax--diff.syntax--header.syntax--to-file {\n  border-bottom: 2px solid #43d08a;\n}\n.git-plus-log {\n  background-color: #292c2f;\n  overflow-y: auto;\n}\n.git-plus-log #git-plus-commits {\n  width: 100%;\n  color: #aaa;\n  cursor: pointer;\n}\n.git-plus-log #git-plus-commits td {\n  padding: 8px 10px;\n  border-bottom: 1px solid #000;\n  vertical-align: top;\n}\n.git-plus-log #git-plus-commits .author {\n  width: 30%;\n}\n.git-plus-log #git-plus-commits .date {\n  width: 25%;\n}\n.git-plus-log #git-plus-commits .message {\n  width: 50%;\n}\n.git-plus-log #git-plus-commits .hashShort {\n  width: 10%;\n  text-align: right;\n}\n.git-plus-log .show-more {\n  text-align: center;\n}\n.git-plus-log #show-more {\n  padding-top: 10px;\n}\n.status-bar .git-branch {\n  cursor: pointer;\n}\n.status-bar .git-branch:hover {\n  color: #fff;\n}\n","imports":[{"path":"static/variables/ui-variables.less","digest":"b28ed6c38c4cfce23f83a1b012a3968aa63fce4c"},{"path":"static/variables/syntax-variables.less","digest":"812c1b7883a023f768773d14294653adcdb932d7"},{"path":"node_modules/atom-dark-ui/styles/ui-variables.less","digest":"bbc53164b15cea5f3aeeddd1ea77a4e7bd5f8503"},{"path":"node_modules/one-dark-syntax/styles/syntax-variables.less","digest":"4737e2c84347b1a399426a81fc903dd3ce1abb52"},{"path":"node_modules/one-dark-syntax/styles/colors.less","digest":"66bba03e9aabff000a84c2839a9d3e9a9fa08e0e"}],"version":1}