{"digest":"48603f4adb2ca350de73bbf81da2dedff7276264","css":".about {\n  display: flex;\n  flex-direction: column;\n  align-items: center;\n  justify-content: flex-start;\n  -webkit-user-select: none;\n  cursor: default;\n  overflow: auto;\n  text-align: center;\n  font-size: 1.25em;\n  line-height: 1.4;\n  padding: 4em;\n  color: #9da5b4;\n  background-color: #282c34;\n}\n.about button {\n  cursor: default;\n}\n.about a:focus {\n  color: inherit;\n}\n.about img,\n.about a {\n  -webkit-user-drag: none;\n}\n.about .input-checkbox {\n  margin-top: -0.2em;\n}\n.about .group-start {\n  margin-top: 4em;\n}\n.about .group-item {\n  margin-top: 1.5em;\n}\n.about-container {\n  width: 100%;\n  max-width: 500px;\n}\n.about-atom-io:hover .about-logo {\n  color: #40a977;\n}\n.about-logo {\n  display: block;\n  width: 100%;\n  max-width: 280px;\n  margin: 0 auto 1em auto;\n  color: #d7dae0;\n  transition: color 0.2s;\n}\n.about-version-container:hover {\n  color: #c8ccd5;\n}\n.about-version-container:active {\n  color: #f3f4f6;\n}\n.about-version {\n  margin-right: .5em;\n  font-size: 1.25em;\n  vertical-align: middle;\n}\n.about-more-version {\n  color: rgba(157, 165, 180, 0.6);\n  font-size: .9em;\n}\n.about-header-release-notes {\n  vertical-align: middle;\n  margin-left: 1em;\n}\n.about-updates {\n  width: 100%;\n  max-width: 500px;\n}\n.about-updates-box {\n  display: flex;\n  align-items: center;\n  padding: 10px;\n  border: 1px solid #181a1f;\n  border-radius: 6px;\n  background-color: #31363f;\n}\n.about-updates-status {\n  flex: 1;\n  margin-left: .5em;\n  text-align: left;\n}\n.about-updates-item,\n.about-default-update-message .about-updates-label {\n  display: block;\n}\n.about-updates-label {\n  color: rgba(157, 165, 180, 0.6);\n}\n.about-updates-label.is-strong {\n  color: #9da5b4;\n}\n.about-updates-version {\n  margin: 0 .4em;\n}\n.about-updates-release-notes,\n.about-updates-instructions {\n  margin: 0 1em 0 1.5em;\n}\n.about-auto-updates {\n  margin-top: 1em;\n}\n.about-auto-updates input {\n  margin-right: .5em;\n}\n.about-love .icon::before {\n  position: relative;\n  width: auto;\n  height: auto;\n  margin-right: 0;\n  font-size: 1.5em;\n  vertical-align: text-top;\n}\n.about-love .icon-logo-github::before {\n  font-size: 3.6em;\n  height: .36em;\n}\n.about-credits {\n  color: rgba(157, 165, 180, 0.6);\n}\n.about-release-notes {\n  color: #0f82e6;\n}\n.about-release-notes:hover {\n  color: #4ea6f4;\n}\n","imports":[{"path":"static/variables/ui-variables.less","digest":"b28ed6c38c4cfce23f83a1b012a3968aa63fce4c"},{"path":"static/variables/syntax-variables.less","digest":"812c1b7883a023f768773d14294653adcdb932d7"},{"path":"node_modules/one-dark-ui/styles/ui-variables.less","digest":"f0cd54bb3195577225c676e2ba1a5f91fdd4a1ab"},{"path":"node_modules/one-dark-ui/styles/ui-variables-custom.less","digest":"912cd9b31c4db8b551f47b4d0ced938a6b62dc95"},{"path":"node_modules/one-dark-syntax/styles/syntax-variables.less","digest":"4737e2c84347b1a399426a81fc903dd3ce1abb52"},{"path":"node_modules/one-dark-syntax/styles/colors.less","digest":"66bba03e9aabff000a84c2839a9d3e9a9fa08e0e"},{"path":"node_modules/about/styles/variables.less","digest":"af218163acb279019a92806f4afe744bb0e0ccbf"},{"path":"static/variables/ui-variables.less","digest":"b28ed6c38c4cfce23f83a1b012a3968aa63fce4c"},{"path":"static/variables/syntax-variables.less","digest":"812c1b7883a023f768773d14294653adcdb932d7"}],"version":1}