{"digest":"4becc044834235478eef508aad3cbf1284139245","css":".termination {\n  letter-spacing: normal;\n  position: inherit;\n  text-shadow: none;\n}\n.termination ul {\n  padding: 0;\n  margin: 0;\n}\n.termination .icon::before {\n  margin: 0;\n  padding: 0;\n}\n.termination .icon-x::before {\n  content: '\\f081' !important;\n  line-height: normal;\n  color: red;\n}\n.termination.terminal-view .panel-divider {\n  order: 1;\n  display: inherit;\n  flex: 0 0 auto;\n  position: absolute;\n  height: 8px;\n  margin-top: -4px;\n  z-index: 3;\n  -webkit-user-select: none;\n  cursor: ns-resize;\n  width: 100%;\n}\n.termination.terminal-view .input-block {\n  padding: 0.375em;\n}\n.termination.terminal-view .input-block .btn-toolbar {\n  padding: 0.375em;\n}\n.termination.terminal-view .input-block .btn-toolbar .left {\n  float: left;\n}\n.termination.terminal-view .input-block .btn-toolbar .right {\n  float: right;\n}\n.termination.terminal-view .xterm {\n  display: -webkit-flex;\n  order: 3;\n  flex: 1;\n  width: 100%;\n  height: 0px;\n  padding: 0 5px;\n}\n.termination.terminal-view .xterm > .terminal {\n  display: -webkit-flex;\n  flex-direction: column;\n  align-content: flex-end;\n  position: relative;\n  width: 100%;\n  overflow: hidden;\n}\n.termination.terminal-view .xterm > .terminal > div {\n  flex: 1 0 auto;\n  white-space: nowrap;\n  font-size: inherit;\n  user-select: text;\n  -ms-user-select: text;\n  -webkit-user-select: text;\n}\n.termination.terminal-view .xterm > .terminal > div > span {\n  display: inline-block;\n  line-height: inherit;\n  height: inherit;\n}\n.termination.terminal-view .cursor-blink .terminal-cursor {\n  -webkit-animation: blink 1s step-start 0s infinite;\n  -webkit-animation-delay: 1s;\n}\n@-webkit-keyframes blink {\n  50% {\n    background: transparent;\n  }\n}\n.termination.status-bar {\n  position: relative;\n  vertical-align: middle;\n  display: -webkit-flex;\n  -webkit-user-select: none;\n  margin: 0 10px;\n  box-sizing: content-box;\n  height: 20px;\n}\n.termination.status-bar i {\n  cursor: pointer;\n  display: inherit;\n  text-align: center;\n  align-self: center;\n  line-height: 20px;\n}\n.termination.status-bar .icon-x {\n  color: red;\n  justify-content: flex-end;\n}\n.termination.status-bar .status-container {\n  display: inherit;\n  position: relative;\n  width: 100%;\n  height: 100%;\n  line-height: 20px;\n  margin: 0 5px;\n}\n.termination.status-bar .status-container .termination-status-icon {\n  display: inherit;\n  cursor: pointer;\n  -webkit-transition: opacity 0.25s ease-in-out, color 0.5s ease-in-out;\n  -webkit-user-drag: element;\n  padding: 0 5px;\n  opacity: 0.5;\n  height: 100%;\n}\n.termination.status-bar .status-container .termination-status-icon.active {\n  opacity: 1;\n  margin-bottom: 3px;\n  border-bottom-style: solid;\n  border-bottom-width: 1px;\n}\n.termination.status-bar .status-container .is-dragging {\n  border-bottom: 1px solid #0098ff;\n}\n.termination.status-bar .status-container .placeholder {\n  pointer-events: none;\n  position: absolute;\n  top: -16px;\n  color: #0098ff;\n  z-index: 999;\n  margin: 0 -6px;\n  padding: 0;\n  height: 10px;\n  line-height: 10px;\n}\n.termination.status-bar .status-container .placeholder::before {\n  font-size: 16px;\n  font-family: 'Octicons Regular';\n  font-weight: normal;\n  font-style: normal;\n  display: inline-block;\n  -webkit-font-smoothing: antialiased;\n  text-decoration: none;\n  content: \"\\f05b\";\n}\n.termination .inserted {\n  -webkit-animation: flash 0.25s linear 6 alternate;\n}\n@-webkit-keyframes flash {\n  0% {\n    opacity: 0.5;\n  }\n  100% {\n    opacity: 1;\n  }\n}\n","imports":[{"path":"static/variables/ui-variables.less","digest":"b28ed6c38c4cfce23f83a1b012a3968aa63fce4c"},{"path":"static/variables/syntax-variables.less","digest":"812c1b7883a023f768773d14294653adcdb932d7"},{"path":"node_modules/atom-dark-ui/styles/ui-variables.less","digest":"bbc53164b15cea5f3aeeddd1ea77a4e7bd5f8503"}],"version":1}