<?xml version="1.0" encoding="UTF-8"?>
<interface>
  <!-- interface-requires gtk+ 3.0 -->
  <object class="GtkActionGroup" id="actiongroup1">
    <child>
      <object class="GtkRadioAction" id="icon_alignment">
        <property name="draw_as_radio">True</property>
        <property name="active">True</property>
        <property name="value">1</property>
        <property name="current_value">1</property>
      </object>
    </child>
    <child>
      <object class="GtkRadioAction" id="action2">
        <property name="draw_as_radio">True</property>
        <property name="value">2</property>
        <property name="group">icon_alignment</property>
        <property name="current_value">2</property>
      </object>
    </child>
    <child>
      <object class="GtkRadioAction" id="action3">
        <property name="draw_as_radio">True</property>
        <property name="value">3</property>
        <property name="group">icon_alignment</property>
        <property name="current_value">3</property>
      </object>
    </child>
    <child>
      <object class="GtkRadioAction" id="action4">
        <property name="draw_as_radio">True</property>
        <property name="value">4</property>
        <property name="group">icon_alignment</property>
      </object>
    </child>
    <child>
      <object class="GtkRadioAction" id="action5">
        <property name="draw_as_radio">True</property>
        <property name="value">5</property>
        <property name="group">icon_alignment</property>
      </object>
    </child>
    <child>
      <object class="GtkRadioAction" id="action6">
        <property name="draw_as_radio">True</property>
        <property name="value">6</property>
        <property name="group">icon_alignment</property>
      </object>
    </child>
    <child>
      <object class="GtkRadioAction" id="action7">
        <property name="draw_as_radio">True</property>
        <property name="value">7</property>
        <property name="group">icon_alignment</property>
      </object>
    </child>
    <child>
      <object class="GtkRadioAction" id="action8">
        <property name="draw_as_radio">True</property>
        <property name="value">8</property>
        <property name="group">icon_alignment</property>
      </object>
    </child>
    <child>
      <object class="GtkRadioAction" id="action9">
        <property name="draw_as_radio">True</property>
        <property name="value">9</property>
        <property name="group">icon_alignment</property>
      </object>
    </child>
  </object>
  <object class="GtkEntryCompletion" id="entrycompletion1"/>
  <object class="GtkAdjustment" id="icon_opacity_blur">
    <property name="upper">255</property>
    <property name="step_increment">1</property>
    <property name="page_increment">10</property>
  </object>
  <object class="GtkAdjustment" id="icon_opacity_focus">
    <property name="upper">255</property>
    <property name="step_increment">1</property>
    <property name="page_increment">10</property>
  </object>
  <object class="GtkAdjustment" id="icon_size">
    <property name="upper">1000</property>
    <property name="step_increment">1</property>
    <property name="page_increment">10</property>
  </object>
  <object class="GtkGrid" id="main_grid">
    <property name="visible">True</property>
    <property name="can_focus">False</property>
    <property name="row_spacing">5</property>
    <child>
      <object class="GtkLabel" id="label2">
        <property name="visible">True</property>
        <property name="can_focus">False</property>
        <property name="xalign">0</property>
        <property name="yalign">0</property>
        <property name="xpad">5</property>
        <property name="ypad">5</property>
        <property name="label" translatable="yes">Size:</property>
      </object>
      <packing>
        <property name="left_attach">0</property>
        <property name="top_attach">1</property>
        <property name="width">1</property>
        <property name="height">1</property>
      </packing>
    </child>
    <child>
      <object class="GtkBox" id="box1">
        <property name="visible">True</property>
        <property name="can_focus">False</property>
        <property name="orientation">vertical</property>
        <child>
          <object class="GtkSpinButton" id="spinbutton1">
            <property name="visible">True</property>
            <property name="can_focus">True</property>
            <property name="invisible_char">●</property>
            <property name="invisible_char_set">True</property>
            <property name="adjustment">icon_size</property>
            <property name="snap_to_ticks">True</property>
            <property name="numeric">True</property>
          </object>
          <packing>
            <property name="expand">False</property>
            <property name="fill">True</property>
            <property name="position">0</property>
          </packing>
        </child>
        <child>
          <object class="GtkCheckButton" id="icon_size_relative">
            <property name="label" translatable="yes">Relative</property>
            <property name="visible">True</property>
            <property name="can_focus">True</property>
            <property name="receives_default">False</property>
            <property name="xalign">0</property>
            <property name="draw_indicator">True</property>
          </object>
          <packing>
            <property name="expand">False</property>
            <property name="fill">True</property>
            <property name="position">1</property>
          </packing>
        </child>
      </object>
      <packing>
        <property name="left_attach">1</property>
        <property name="top_attach">1</property>
        <property name="width">1</property>
        <property name="height">1</property>
      </packing>
    </child>
    <child>
      <object class="GtkLabel" id="label3">
        <property name="visible">True</property>
        <property name="can_focus">False</property>
        <property name="xalign">0</property>
        <property name="yalign">0</property>
        <property name="xpad">5</property>
        <property name="ypad">5</property>
        <property name="label" translatable="yes">Background color:</property>
      </object>
      <packing>
        <property name="left_attach">0</property>
        <property name="top_attach">2</property>
        <property name="width">1</property>
        <property name="height">1</property>
      </packing>
    </child>
    <child>
      <object class="GtkLabel" id="label1">
        <property name="visible">True</property>
        <property name="can_focus">False</property>
        <property name="xalign">0</property>
        <property name="yalign">0</property>
        <property name="xpad">5</property>
        <property name="ypad">5</property>
        <property name="label" translatable="yes">Alignment:</property>
      </object>
      <packing>
        <property name="left_attach">0</property>
        <property name="top_attach">0</property>
        <property name="width">1</property>
        <property name="height">1</property>
      </packing>
    </child>
    <child>
      <object class="GtkGrid" id="grid2">
        <property name="visible">True</property>
        <property name="can_focus">False</property>
        <child>
          <object class="GtkRadioButton" id="radiobutton1">
            <property name="related_action">icon_alignment</property>
            <property name="visible">True</property>
            <property name="can_focus">True</property>
            <property name="receives_default">False</property>
            <property name="use_underline">True</property>
            <property name="xalign">0</property>
            <property name="active">True</property>
            <property name="draw_indicator">True</property>
          </object>
          <packing>
            <property name="left_attach">0</property>
            <property name="top_attach">0</property>
            <property name="width">1</property>
            <property name="height">1</property>
          </packing>
        </child>
        <child>
          <object class="GtkRadioButton" id="radiobutton2">
            <property name="related_action">action2</property>
            <property name="visible">True</property>
            <property name="can_focus">True</property>
            <property name="receives_default">False</property>
            <property name="use_underline">True</property>
            <property name="xalign">0</property>
            <property name="active">True</property>
            <property name="draw_indicator">True</property>
            <property name="group">radiobutton1</property>
          </object>
          <packing>
            <property name="left_attach">1</property>
            <property name="top_attach">0</property>
            <property name="width">1</property>
            <property name="height">1</property>
          </packing>
        </child>
        <child>
          <object class="GtkRadioButton" id="radiobutton3">
            <property name="related_action">action3</property>
            <property name="visible">True</property>
            <property name="can_focus">True</property>
            <property name="receives_default">False</property>
            <property name="use_underline">True</property>
            <property name="xalign">0</property>
            <property name="active">True</property>
            <property name="draw_indicator">True</property>
            <property name="group">radiobutton1</property>
          </object>
          <packing>
            <property name="left_attach">2</property>
            <property name="top_attach">0</property>
            <property name="width">1</property>
            <property name="height">1</property>
          </packing>
        </child>
        <child>
          <object class="GtkRadioButton" id="radiobutton4">
            <property name="related_action">action4</property>
            <property name="visible">True</property>
            <property name="can_focus">True</property>
            <property name="receives_default">False</property>
            <property name="use_underline">True</property>
            <property name="xalign">0</property>
            <property name="active">True</property>
            <property name="draw_indicator">True</property>
            <property name="group">radiobutton1</property>
          </object>
          <packing>
            <property name="left_attach">0</property>
            <property name="top_attach">1</property>
            <property name="width">1</property>
            <property name="height">1</property>
          </packing>
        </child>
        <child>
          <object class="GtkRadioButton" id="radiobutton5">
            <property name="related_action">action5</property>
            <property name="visible">True</property>
            <property name="can_focus">True</property>
            <property name="receives_default">False</property>
            <property name="use_underline">True</property>
            <property name="xalign">0</property>
            <property name="active">True</property>
            <property name="draw_indicator">True</property>
            <property name="group">radiobutton1</property>
          </object>
          <packing>
            <property name="left_attach">1</property>
            <property name="top_attach">1</property>
            <property name="width">1</property>
            <property name="height">1</property>
          </packing>
        </child>
        <child>
          <object class="GtkRadioButton" id="radiobutton6">
            <property name="related_action">action6</property>
            <property name="visible">True</property>
            <property name="can_focus">True</property>
            <property name="receives_default">False</property>
            <property name="use_underline">True</property>
            <property name="xalign">0</property>
            <property name="active">True</property>
            <property name="draw_indicator">True</property>
            <property name="group">radiobutton1</property>
          </object>
          <packing>
            <property name="left_attach">2</property>
            <property name="top_attach">1</property>
            <property name="width">1</property>
            <property name="height">1</property>
          </packing>
        </child>
        <child>
          <object class="GtkRadioButton" id="radiobutton7">
            <property name="related_action">action7</property>
            <property name="visible">True</property>
            <property name="can_focus">True</property>
            <property name="receives_default">False</property>
            <property name="use_underline">True</property>
            <property name="xalign">0</property>
            <property name="active">True</property>
            <property name="draw_indicator">True</property>
            <property name="group">radiobutton1</property>
          </object>
          <packing>
            <property name="left_attach">0</property>
            <property name="top_attach">2</property>
            <property name="width">1</property>
            <property name="height">1</property>
          </packing>
        </child>
        <child>
          <object class="GtkRadioButton" id="radiobutton8">
            <property name="related_action">action8</property>
            <property name="visible">True</property>
            <property name="can_focus">True</property>
            <property name="receives_default">False</property>
            <property name="use_underline">True</property>
            <property name="xalign">0</property>
            <property name="active">True</property>
            <property name="draw_indicator">True</property>
            <property name="group">radiobutton1</property>
          </object>
          <packing>
            <property name="left_attach">1</property>
            <property name="top_attach">2</property>
            <property name="width">1</property>
            <property name="height">1</property>
          </packing>
        </child>
        <child>
          <object class="GtkRadioButton" id="radiobutton9">
            <property name="related_action">action9</property>
            <property name="visible">True</property>
            <property name="can_focus">True</property>
            <property name="receives_default">False</property>
            <property name="use_underline">True</property>
            <property name="xalign">0</property>
            <property name="active">True</property>
            <property name="draw_indicator">True</property>
            <property name="group">radiobutton1</property>
          </object>
          <packing>
            <property name="left_attach">2</property>
            <property name="top_attach">2</property>
            <property name="width">1</property>
            <property name="height">1</property>
          </packing>
        </child>
      </object>
      <packing>
        <property name="left_attach">1</property>
        <property name="top_attach">0</property>
        <property name="width">1</property>
        <property name="height">1</property>
      </packing>
    </child>
    <child>
      <object class="GtkBox" id="box2">
        <property name="visible">True</property>
        <property name="can_focus">False</property>
        <child>
          <object class="GtkColorButton" id="background_color">
            <property name="visible">True</property>
            <property name="can_focus">True</property>
            <property name="receives_default">True</property>
            <property name="use_alpha">True</property>
          </object>
          <packing>
            <property name="expand">False</property>
            <property name="fill">True</property>
            <property name="position">0</property>
          </packing>
        </child>
        <child>
          <placeholder/>
        </child>
      </object>
      <packing>
        <property name="left_attach">1</property>
        <property name="top_attach">2</property>
        <property name="width">1</property>
        <property name="height">1</property>
      </packing>
    </child>
    <child>
      <object class="GtkLabel" id="label4">
        <property name="visible">True</property>
        <property name="can_focus">False</property>
        <property name="xalign">0</property>
        <property name="yalign">0</property>
        <property name="xpad">5</property>
        <property name="ypad">5</property>
        <property name="label" translatable="yes">Icon opacity - focus:</property>
      </object>
      <packing>
        <property name="left_attach">0</property>
        <property name="top_attach">3</property>
        <property name="width">1</property>
        <property name="height">1</property>
      </packing>
    </child>
    <child>
      <object class="GtkLabel" id="label5">
        <property name="visible">True</property>
        <property name="can_focus">False</property>
        <property name="xalign">0</property>
        <property name="yalign">0</property>
        <property name="xpad">5</property>
        <property name="ypad">5</property>
        <property name="label" translatable="yes">Icon opacity - blur:</property>
      </object>
      <packing>
        <property name="left_attach">0</property>
        <property name="top_attach">4</property>
        <property name="width">1</property>
        <property name="height">1</property>
      </packing>
    </child>
    <child>
      <object class="GtkSpinButton" id="spinbutton2">
        <property name="visible">True</property>
        <property name="can_focus">True</property>
        <property name="invisible_char">●</property>
        <property name="adjustment">icon_opacity_focus</property>
        <property name="numeric">True</property>
      </object>
      <packing>
        <property name="left_attach">1</property>
        <property name="top_attach">3</property>
        <property name="width">1</property>
        <property name="height">1</property>
      </packing>
    </child>
    <child>
      <object class="GtkSpinButton" id="spinbutton3">
        <property name="visible">True</property>
        <property name="can_focus">True</property>
        <property name="invisible_char">●</property>
        <property name="adjustment">icon_opacity_blur</property>
        <property name="numeric">True</property>
      </object>
      <packing>
        <property name="left_attach">1</property>
        <property name="top_attach">4</property>
        <property name="width">1</property>
        <property name="height">1</property>
      </packing>
    </child>
  </object>
</interface>
