{"digest":"787545e10141fd922d72683cfc1b8722e4e214f7","css":".terminal-view .linux {\n  background-color: black;\n  color: #e6e6e6;\n}\n.terminal-view .linux ::selection {\n  background-color: rgba(155, 30, 7, 0.99);\n}\n.terminal-view .linux .terminal-cursor {\n  background-color: #c81419;\n}\n.terminal-view .standard {\n  background-color: black;\n  color: white;\n}\n.terminal-view .standard .terminal-cursor {\n  background-color: white;\n}\n.terminal-view .homebrew {\n  background-color: black;\n  color: #29fe14;\n}\n.terminal-view .homebrew ::selection {\n  background-color: rgba(7, 30, 155, 0.99);\n}\n.terminal-view .homebrew .terminal-cursor {\n  background-color: #37fe26;\n}\n.terminal-view .grass {\n  background-color: #13773d;\n  color: #fff0a5;\n}\n.terminal-view .grass ::selection {\n  background-color: rgba(182, 73, 38, 0.99);\n}\n.terminal-view .grass .terminal-cursor {\n  background-color: #8e2800;\n}\n.terminal-view .man-page {\n  background-color: #fef49c;\n  color: black;\n}\n.terminal-view .man-page ::selection {\n  background-color: rgba(178, 215, 255, 0.99);\n}\n.terminal-view .man-page .terminal-cursor {\n  background-color: #929292;\n}\n.terminal-view .inverse {\n  background-color: white;\n  color: black;\n}\n.terminal-view .inverse ::selection {\n  background-color: rgba(178, 215, 255, 0.99);\n}\n.terminal-view .inverse .terminal-cursor {\n  background-color: #929292;\n}\n.terminal-view .novel {\n  background-color: #dfdbc4;\n  color: #4d2f2e;\n}\n.terminal-view .novel ::selection {\n  background-color: rgba(155, 153, 122, 0.99);\n}\n.terminal-view .novel .terminal-cursor {\n  background-color: #736359;\n}\n.terminal-view .ocean {\n  background-color: #2c66c9;\n  color: white;\n}\n.terminal-view .ocean ::selection {\n  background-color: rgba(41, 134, 255, 0.99);\n}\n.terminal-view .ocean .terminal-cursor {\n  background-color: #929292;\n}\n.terminal-view .pro {\n  background-color: black;\n  color: #f4f4f4;\n}\n.terminal-view .pro ::selection {\n  background-color: rgba(82, 82, 82, 0.99);\n}\n.terminal-view .pro .terminal-cursor {\n  background-color: #606060;\n}\n.terminal-view .red {\n  background-color: black;\n  color: #ff260e;\n}\n.terminal-view .red ::selection {\n  background-color: rgba(7, 30, 155, 0.99);\n}\n.terminal-view .red .terminal-cursor {\n  background-color: #ff260e;\n}\n.terminal-view .red-sands {\n  background-color: #8f3527;\n  color: #d7c9a7;\n}\n.terminal-view .red-sands ::selection {\n  background-color: rgba(60, 25, 22, 0.99);\n}\n.terminal-view .red-sands .terminal-cursor {\n  background-color: white;\n}\n.terminal-view .silver-aerogel {\n  background-color: #929292;\n  color: black;\n}\n.terminal-view .silver-aerogel ::selection {\n  background-color: rgba(120, 123, 156, 0.99);\n}\n.terminal-view .silver-aerogel .terminal-cursor {\n  background-color: #e0e0e0;\n}\n.terminal-view .solarized-dark {\n  background-color: #042029;\n  color: #708284;\n}\n.terminal-view .solarized-dark ::selection {\n  background-color: #475B62;\n}\n.terminal-view .solarized-dark .terminal-cursor {\n  background-color: #819090;\n}\n.terminal-view .solid-colors {\n  background-color: #788497;\n  color: black;\n}\n.terminal-view .solid-colors ::selection {\n  background-color: rgba(178, 215, 255, 0.99);\n}\n.terminal-view .solid-colors .terminal-cursor {\n  background-color: white;\n}\n.terminal-view .dracula {\n  background-color: #1e1f29;\n  color: white;\n}\n.terminal-view .dracula ::selection {\n  background-color: #44475a;\n}\n.terminal-view .dracula .terminal-cursor {\n  background-color: #999999;\n}\n.terminal-view .Christmas {\n  background-color: #0C0047;\n  color: #F81705;\n}\n.terminal-view .Christmas ::selection {\n  background-color: #298F16;\n}\n.terminal-view .Christmas .terminal-cursor {\n  background-color: #009F59;\n}\n.terminal-view .github {\n  background-color: #FAFAFA;\n  color: #333333;\n}\n.terminal-view .github ::selection {\n  background-color: #6E5494;\n}\n.terminal-view .github .terminal-cursor {\n  background-color: #6CC644;\n}\n.terminal-view .one-dark {\n  background-color: #282C34;\n  color: white;\n}\n.terminal-view .one-dark ::selection {\n  background-color: #44475a;\n}\n.terminal-view .one-dark .terminal-cursor {\n  background-color: #99BBFF;\n}\n.terminal-view .one-light {\n  background-color: #F9F9F9;\n  color: #2A2C33;\n}\n.terminal-view .one-light ::selection {\n  background-color: #EDEDED;\n}\n.terminal-view .one-light .terminal-cursor {\n  background-color: #BBBBBB;\n}\n.terminal-view .bliss {\n  background-color: #2b303b;\n  color: #c0c5ce;\n}\n.terminal-view .bliss ::selection {\n  background-color: #4F5B66;\n}\n.terminal-view .bliss .terminal-cursor {\n  background-color: #c0c5ce;\n}\n.terminal-view .gruvbox {\n  background-color: #282828;\n  color: #ebdbb2;\n}\n.terminal-view .gruvbox ::selection {\n  background-color: #ebdbb2;\n}\n.terminal-view .gruvbox .terminal-cursor {\n  background-color: #ebdbb2;\n}\n.terminal-view .city-lights {\n  background-color: #181d23;\n  color: #666d81;\n}\n.terminal-view .city-lights ::selection {\n  background-color: #2a2f38;\n  color: #b7c5d3;\n}\n.terminal-view .city-lights .terminal-cursor {\n  background-color: #528BFF;\n}\n","imports":[{"path":"static/variables/ui-variables.less","digest":"b28ed6c38c4cfce23f83a1b012a3968aa63fce4c"},{"path":"static/variables/syntax-variables.less","digest":"812c1b7883a023f768773d14294653adcdb932d7"},{"path":"/home/hritwik/.atom/packages/termination/styles/themes/linux.less","digest":"b0358b963475d18b7a2fd171ae2f034abe1a7292"},{"path":"/home/hritwik/.atom/packages/termination/styles/themes/standard.less","digest":"c34d06a2fa84dd3af8c103cd201153e9f510ac79"},{"path":"/home/hritwik/.atom/packages/termination/styles/themes/homebrew.less","digest":"49caccc39d98d88c3e425b484286b0b37a962bd3"},{"path":"/home/hritwik/.atom/packages/termination/styles/themes/grass.less","digest":"74eb7d911c9be0eb410902d148d6de624eb6eec9"},{"path":"/home/hritwik/.atom/packages/termination/styles/themes/man-page.less","digest":"c9d2e8d41ac5d4303fed98fa39903c1190d973ac"},{"path":"/home/hritwik/.atom/packages/termination/styles/themes/inverse.less","digest":"483d0e1f5f84aaf658501585682e49e611d33ed6"},{"path":"/home/hritwik/.atom/packages/termination/styles/themes/novel.less","digest":"f0f070b13cb06ecf929f2877415916d8ede075e2"},{"path":"/home/hritwik/.atom/packages/termination/styles/themes/ocean.less","digest":"574cede9a6b559f396473126ccd53ecf2c674367"},{"path":"/home/hritwik/.atom/packages/termination/styles/themes/pro.less","digest":"4e9b1413d6950e125bef3fd38b11719d3053c9e9"},{"path":"/home/hritwik/.atom/packages/termination/styles/themes/red.less","digest":"c19703e52e4aa7d4c4ced32cb1bd78d4bddf7567"},{"path":"/home/hritwik/.atom/packages/termination/styles/themes/red-sands.less","digest":"372c2592c5ab69ae6387da3c15f80a2a0e5d3e82"},{"path":"/home/hritwik/.atom/packages/termination/styles/themes/silver-aerogel.less","digest":"e4bb7bf7b86bfb7c57df9862a10d53e8d9c72c8b"},{"path":"/home/hritwik/.atom/packages/termination/styles/themes/solarized-dark.less","digest":"cf439dcefc4eb3f80da8e1d32480b146934baf8c"},{"path":"/home/hritwik/.atom/packages/termination/styles/themes/solid-colors.less","digest":"6001f270c1453d3504e0406e823359dd4464bdb2"},{"path":"/home/hritwik/.atom/packages/termination/styles/themes/dracula.less","digest":"d92f22ede3de8f62a40c5d0615dfa54ff1916f2b"},{"path":"/home/hritwik/.atom/packages/termination/styles/themes/Christmas.less","digest":"055f637a821da4caa6513335c661311690114142"},{"path":"/home/hritwik/.atom/packages/termination/styles/themes/github.less","digest":"865ddf609ef6d0ce17a5bb95163582edf9764bb3"},{"path":"/home/hritwik/.atom/packages/termination/styles/themes/one-dark.less","digest":"553f5274d0446af841568776f2994aab30bafb97"},{"path":"/home/hritwik/.atom/packages/termination/styles/themes/one-light.less","digest":"16f4e6497ea044b95d89c31cad8e118e0b65de87"},{"path":"/home/hritwik/.atom/packages/termination/styles/themes/bliss.less","digest":"fa378c76401205c7284d3f13c3c8790fe469a5b5"},{"path":"/home/hritwik/.atom/packages/termination/styles/themes/gruvbox.less","digest":"18ef7cc74a03e9b2d207484044f1cd8c20e11412"},{"path":"/home/hritwik/.atom/packages/termination/styles/themes/city-lights.less","digest":"007ddbd54846505d43c3ffc5af6dc8170ca1df3e"}],"version":1}