{"digest":"989163d714e9e5778b2af9a58442ee760175e791","css":".terminal-view .standard {\n  background-color: #21252b;\n  color: #9da5b4;\n}\n.terminal-view .standard .terminal-cursor {\n  background-color: #d7dae0;\n}\n.terminal-view .linux {\n  background-color: black;\n  color: #e6e6e6;\n}\n.terminal-view .linux ::selection {\n  background-color: rgba(155, 30, 7, 0.99);\n}\n.terminal-view .linux .terminal-cursor {\n  background-color: #c81419;\n}\n.terminal-view .homebrew {\n  background-color: black;\n  color: #29fe14;\n}\n.terminal-view .homebrew ::selection {\n  background-color: rgba(7, 30, 155, 0.99);\n}\n.terminal-view .homebrew .terminal-cursor {\n  background-color: #37fe26;\n}\n.terminal-view .grass {\n  background-color: #13773d;\n  color: #fff0a5;\n}\n.terminal-view .grass ::selection {\n  background-color: rgba(182, 73, 38, 0.99);\n}\n.terminal-view .grass .terminal-cursor {\n  background-color: #8e2800;\n}\n.terminal-view .man-page {\n  background-color: #fef49c;\n  color: black;\n}\n.terminal-view .man-page ::selection {\n  background-color: rgba(178, 215, 255, 0.99);\n}\n.terminal-view .man-page .terminal-cursor {\n  background-color: #929292;\n}\n.terminal-view .inverse {\n  background-color: white;\n  color: black;\n}\n.terminal-view .inverse ::selection {\n  background-color: rgba(178, 215, 255, 0.99);\n}\n.terminal-view .inverse .terminal-cursor {\n  background-color: #929292;\n}\n.terminal-view .novel {\n  background-color: #dfdbc4;\n  color: #4d2f2e;\n}\n.terminal-view .novel ::selection {\n  background-color: rgba(155, 153, 122, 0.99);\n}\n.terminal-view .novel .terminal-cursor {\n  background-color: #736359;\n}\n.terminal-view .ocean {\n  background-color: #2c66c9;\n  color: white;\n}\n.terminal-view .ocean ::selection {\n  background-color: rgba(41, 134, 255, 0.99);\n}\n.terminal-view .ocean .terminal-cursor {\n  background-color: #929292;\n}\n.terminal-view .pro {\n  background-color: black;\n  color: #f4f4f4;\n}\n.terminal-view .pro ::selection {\n  background-color: rgba(82, 82, 82, 0.99);\n}\n.terminal-view .pro .terminal-cursor {\n  background-color: #606060;\n}\n.terminal-view .red {\n  background-color: black;\n  color: #ff260e;\n}\n.terminal-view .red ::selection {\n  background-color: rgba(7, 30, 155, 0.99);\n}\n.terminal-view .red .terminal-cursor {\n  background-color: #ff260e;\n}\n.terminal-view .red-sands {\n  background-color: #8f3527;\n  color: #d7c9a7;\n}\n.terminal-view .red-sands ::selection {\n  background-color: rgba(60, 25, 22, 0.99);\n}\n.terminal-view .red-sands .terminal-cursor {\n  background-color: white;\n}\n.terminal-view .silver-aerogel {\n  background-color: #929292;\n  color: black;\n}\n.terminal-view .silver-aerogel ::selection {\n  background-color: rgba(120, 123, 156, 0.99);\n}\n.terminal-view .silver-aerogel .terminal-cursor {\n  background-color: #e0e0e0;\n}\n.terminal-view .solarized-dark {\n  background-color: #042029;\n  color: #708284;\n}\n.terminal-view .solarized-dark ::selection {\n  background-color: #839496;\n}\n.terminal-view .solarized-dark .terminal-cursor {\n  background-color: #819090;\n}\n.terminal-view .solarized-light {\n  background-color: #FDF6E3;\n  color: #657A81;\n}\n.terminal-view .solarized-light ::selection {\n  background-color: #ECE7D5;\n}\n.terminal-view .solarized-light .terminal-cursor {\n  background-color: #586E75;\n}\n.terminal-view .solid-colors {\n  background-color: #788497;\n  color: black;\n}\n.terminal-view .solid-colors ::selection {\n  background-color: rgba(178, 215, 255, 0.99);\n}\n.terminal-view .solid-colors .terminal-cursor {\n  background-color: white;\n}\n.terminal-view .dracula {\n  background-color: #1e1f29;\n  color: white;\n}\n.terminal-view .dracula ::selection {\n  background-color: #44475a;\n}\n.terminal-view .dracula .terminal-cursor {\n  background-color: #999999;\n}\n.terminal-view .one-dark {\n  background-color: #282C34;\n  color: #ABB2BF;\n}\n.terminal-view .one-dark ::selection {\n  background-color: #9196A1;\n}\n.terminal-view .one-dark .terminal-cursor {\n  background-color: #528BFF;\n}\n.terminal-view .christmas {\n  background-color: #0C0047;\n  color: #F81705;\n}\n.terminal-view .christmas ::selection {\n  background-color: #298F16;\n}\n.terminal-view .christmas .terminal-cursor {\n  background-color: #009F59;\n}\n.terminal-view .predawn {\n  background-color: #282828;\n  color: #F1F1F1;\n}\n.terminal-view .predawn ::selection {\n  background-color: rgba(255, 255, 255, 0.25);\n}\n.terminal-view .predawn .terminal-cursor {\n  background-color: #F18260;\n}\n.terminal-view .city-lights {\n  background-color: #181d23;\n  color: #666d81;\n}\n.terminal-view .city-lights ::selection {\n  background-color: #2a2f38;\n  color: #b7c5d3;\n}\n.terminal-view .city-lights .terminal-cursor {\n  background-color: #528BFF;\n}\n","imports":[{"path":"static/variables/ui-variables.less","digest":"b28ed6c38c4cfce23f83a1b012a3968aa63fce4c"},{"path":"static/variables/syntax-variables.less","digest":"812c1b7883a023f768773d14294653adcdb932d7"},{"path":"/home/hritwik/.atom/packages/platformio-ide-terminal/styles/themes/standard.less","digest":"5696956de7c0c16c4562be82381161748fa8df03"},{"path":"node_modules/one-dark-ui/styles/ui-variables.less","digest":"f0cd54bb3195577225c676e2ba1a5f91fdd4a1ab"},{"path":"node_modules/one-dark-ui/styles/ui-variables-custom.less","digest":"912cd9b31c4db8b551f47b4d0ced938a6b62dc95"},{"path":"node_modules/one-dark-syntax/styles/syntax-variables.less","digest":"4737e2c84347b1a399426a81fc903dd3ce1abb52"},{"path":"node_modules/one-dark-syntax/styles/colors.less","digest":"66bba03e9aabff000a84c2839a9d3e9a9fa08e0e"},{"path":"/home/hritwik/.atom/packages/platformio-ide-terminal/styles/themes/linux.less","digest":"b0358b963475d18b7a2fd171ae2f034abe1a7292"},{"path":"/home/hritwik/.atom/packages/platformio-ide-terminal/styles/themes/homebrew.less","digest":"49caccc39d98d88c3e425b484286b0b37a962bd3"},{"path":"/home/hritwik/.atom/packages/platformio-ide-terminal/styles/themes/grass.less","digest":"74eb7d911c9be0eb410902d148d6de624eb6eec9"},{"path":"/home/hritwik/.atom/packages/platformio-ide-terminal/styles/themes/man-page.less","digest":"c9d2e8d41ac5d4303fed98fa39903c1190d973ac"},{"path":"/home/hritwik/.atom/packages/platformio-ide-terminal/styles/themes/inverse.less","digest":"483d0e1f5f84aaf658501585682e49e611d33ed6"},{"path":"/home/hritwik/.atom/packages/platformio-ide-terminal/styles/themes/novel.less","digest":"f0f070b13cb06ecf929f2877415916d8ede075e2"},{"path":"/home/hritwik/.atom/packages/platformio-ide-terminal/styles/themes/ocean.less","digest":"574cede9a6b559f396473126ccd53ecf2c674367"},{"path":"/home/hritwik/.atom/packages/platformio-ide-terminal/styles/themes/pro.less","digest":"4e9b1413d6950e125bef3fd38b11719d3053c9e9"},{"path":"/home/hritwik/.atom/packages/platformio-ide-terminal/styles/themes/red.less","digest":"c19703e52e4aa7d4c4ced32cb1bd78d4bddf7567"},{"path":"/home/hritwik/.atom/packages/platformio-ide-terminal/styles/themes/red-sands.less","digest":"372c2592c5ab69ae6387da3c15f80a2a0e5d3e82"},{"path":"/home/hritwik/.atom/packages/platformio-ide-terminal/styles/themes/silver-aerogel.less","digest":"e4bb7bf7b86bfb7c57df9862a10d53e8d9c72c8b"},{"path":"/home/hritwik/.atom/packages/platformio-ide-terminal/styles/themes/solarized-dark.less","digest":"ea83875e19dbae98d1560e7f7fa53f38682d877c"},{"path":"/home/hritwik/.atom/packages/platformio-ide-terminal/styles/themes/solarized-light.less","digest":"55987b8c385d5096cf0fbaa1109bfdfb79158c55"},{"path":"/home/hritwik/.atom/packages/platformio-ide-terminal/styles/themes/solid-colors.less","digest":"6001f270c1453d3504e0406e823359dd4464bdb2"},{"path":"/home/hritwik/.atom/packages/platformio-ide-terminal/styles/themes/dracula.less","digest":"d92f22ede3de8f62a40c5d0615dfa54ff1916f2b"},{"path":"/home/hritwik/.atom/packages/platformio-ide-terminal/styles/themes/one-dark.less","digest":"144b462550365885a58e97ac03fc2393c0cc8020"},{"path":"/home/hritwik/.atom/packages/platformio-ide-terminal/styles/themes/christmas.less","digest":"63d284444f4d6972cd7f350209dccadc90dd38df"},{"path":"/home/hritwik/.atom/packages/platformio-ide-terminal/styles/themes/predawn.less","digest":"d5da54f1f423c280d18f05a1e6a6388a8127ef13"},{"path":"/home/hritwik/.atom/packages/platformio-ide-terminal/styles/themes/city-lights.less","digest":"007ddbd54846505d43c3ffc5af6dc8170ca1df3e"}],"version":1}