{
  "_generated": "Generated by SweetTooth, do not edit",
  "description": "Whenever there is an unread notification (e.g. chat messages), blinks the message in the user's menu with a color chosen by the user.\n\nNow configurable (3.4+ only)!! Alert color and blink rate can be changed on settings ;)\n\nIf you have any question, be sure to take a look at the FAQ:\nhttp://goo.gl/lmwtW\n\nCredits: The idea of painting the message on user's menu was borrowed from 'Pidgin Persistent Notification' extension by nemo. The code itself has some parts forked from 'Message Notifier' extension by barisione, 'Media player indicator' extension by eon and convenience.js from git.gnome.org/gnome-shell-extensions. The blink idea and it's initial code was written by hossman. The initial gnome 3.10 support was done by Anthony25. The filtering support was done by ilgarmehmetali",
  "name": "Notifications Alert",
  "original-authors": [
    "Thiago Bellini"
  ],
  "shell-version": [
    "3.16",
    "3.18",
    "3.20",
    "3.22",
    "3.24",
    "3.26",
    "3.28",
    "3.30",
    "3.34",
    "3.32"
  ],
  "url": "https://github.com/bellini666/gnome-shell-notifications-alert",
  "uuid": "notifications-alert-on-user-menu@hackedbellini.gmail.com",
  "version": 44
}