{"digest":"d87508c7a49b6ec19879d72bb4c571777417319a","css":"iframe.markdown-preview-plus {\n  border: none;\n}\n.markdown-spinner {\n  margin: auto;\n  background-image: url(images/octocat-spinner-128.gif);\n  background-repeat: no-repeat;\n  background-size: 64px;\n  background-position: top center;\n  padding-top: 70px;\n  text-align: center;\n}\n","imports":[{"path":"static/variables/ui-variables.less","digest":"b28ed6c38c4cfce23f83a1b012a3968aa63fce4c"},{"path":"static/variables/syntax-variables.less","digest":"812c1b7883a023f768773d14294653adcdb932d7"}],"version":1}