{"digest":"4abea3ab302b2d629d98db5950a1e8a2ea43a5f3","css":".git-plus.output #root {\n  height: 100%;\n  margin: 0 5px;\n  overflow-y: scroll;\n}\n.git-plus.output #root .record {\n  margin: 5px 0;\n}\n.git-plus.output #root .record.has-output .line:hover {\n  cursor: pointer;\n}\n.git-plus.output #root .record .line {\n  display: flex;\n  flex-direction: row;\n}\n.git-plus.output #root .record .line .gutter {\n  width: 20px;\n}\n.git-plus.output #root .record .output {\n  margin-left: 20px;\n  margin-top: 5px;\n}\n.git-plus.output #root .record .output.collapsed {\n  display: none;\n}\n","imports":[{"path":"static/variables/ui-variables.less","digest":"b28ed6c38c4cfce23f83a1b012a3968aa63fce4c"},{"path":"static/variables/syntax-variables.less","digest":"812c1b7883a023f768773d14294653adcdb932d7"}],"version":1}