{"digest":"83a32f52fc69cf8b646cde3c411453c5ca816955","css":".vk-terminal {\n  letter-spacing: normal;\n  position: inherit;\n}\n.vk-terminal ul {\n  padding: 0;\n  margin: 0;\n}\n.vk-terminal .icon::before {\n  margin: 0;\n  padding: 0;\n}\n.vk-terminal .icon-x::before {\n  content: '\\f081' !important;\n  line-height: normal;\n}\n.vk-terminal.terminal-view {\n  display: -webkit-flex;\n  flex-direction: column;\n  align-items: center;\n  flex-wrap: nowrap;\n}\n.vk-terminal.terminal-view .panel-divider {\n  order: 1;\n  display: inherit;\n  flex: 0 0 auto;\n  position: absolute;\n  height: 8px;\n  margin-top: -4px;\n  z-index: 3;\n  -webkit-user-select: none;\n  cursor: ns-resize;\n  width: 100%;\n}\n.vk-terminal.terminal-view .btn-toolbar {\n  order: 2;\n  flex: 0 0 auto;\n  width: 100%;\n  padding: 4px 2px 4px 2px;\n}\n.vk-terminal.terminal-view .btn-toolbar .left {\n  float: left;\n}\n.vk-terminal.terminal-view .btn-toolbar .right {\n  float: right;\n}\n.vk-terminal.terminal-view .btn-toolbar .btn {\n  top: 0;\n  height: auto;\n  line-height: normal;\n  padding: 0;\n  margin: 0 5px;\n}\n.vk-terminal.terminal-view .xterm {\n  display: -webkit-flex;\n  order: 3;\n  flex: 1;\n  width: 100%;\n  height: 0px;\n  padding: 0 5px;\n}\n.vk-terminal.terminal-view .xterm > .terminal {\n  display: -webkit-flex;\n  flex-direction: column;\n  align-content: flex-end;\n  position: relative;\n  width: 100%;\n  overflow: hidden;\n}\n.vk-terminal.terminal-view .xterm > .terminal > div {\n  flex: 1 0 auto;\n  white-space: nowrap;\n  font-size: inherit;\n}\n.vk-terminal.terminal-view .xterm > .terminal > div > span {\n  display: inline-block;\n  line-height: inherit;\n  height: inherit;\n}\n.vk-terminal.terminal-view .cursor-blink .terminal-cursor {\n  -webkit-animation: blink 1s step-start 0s infinite;\n  -webkit-animation-delay: 1s;\n}\n@-webkit-keyframes blink {\n  50% {\n    background: transparent;\n  }\n}\n.vk-terminal.status-bar {\n  position: relative;\n  vertical-align: middle;\n  display: inline;\n  -webkit-user-select: none;\n  margin: 0 10px;\n  box-sizing: content-box;\n  height: 20px;\n}\n.vk-terminal.status-bar i {\n  cursor: pointer;\n  display: inherit;\n  text-align: center;\n  align-self: center;\n  line-height: 20px;\n}\n.vk-terminal.status-bar .icon-x {\n  color: #9da5b4;\n  justify-content: flex-end;\n}\n.vk-terminal.status-bar .status-container {\n  display: inherit;\n  position: relative;\n  width: 100%;\n  height: 100%;\n  line-height: 20px;\n  margin: 0 5px;\n}\n.vk-terminal.status-bar .status-container .vk-terminal-status-icon {\n  display: inherit;\n  cursor: pointer;\n  -webkit-transition: opacity 0.25s ease-in-out, color 0.5s ease-in-out;\n  -webkit-user-drag: element;\n  padding: 0 5px;\n  opacity: 0.5;\n  height: 100%;\n}\n.vk-terminal.status-bar .status-container .vk-terminal-status-icon.active {\n  opacity: 1;\n}\n.vk-terminal.status-bar .status-container .is-dragging {\n  border-bottom: 1px solid #0f82e6;\n}\n.vk-terminal.status-bar .status-container .placeholder {\n  pointer-events: none;\n  position: absolute;\n  top: -16px;\n  color: #0f82e6;\n  z-index: 999;\n  margin: 0 -6px;\n  padding: 0;\n  height: 10px;\n  line-height: 10px;\n}\n.vk-terminal.status-bar .status-container .placeholder::before {\n  font-size: 16px;\n  font-family: 'Octicons Regular';\n  font-weight: normal;\n  font-style: normal;\n  display: inline-block;\n  -webkit-font-smoothing: antialiased;\n  text-decoration: none;\n  content: \"\\f05b\";\n}\n.vk-terminal .inserted {\n  -webkit-animation: flash 0.25s linear 6 alternate;\n}\n@-webkit-keyframes flash {\n  0% {\n    opacity: 0.5;\n  }\n  100% {\n    opacity: 1;\n  }\n}\n","imports":[{"path":"static/variables/ui-variables.less","digest":"b28ed6c38c4cfce23f83a1b012a3968aa63fce4c"},{"path":"static/variables/syntax-variables.less","digest":"812c1b7883a023f768773d14294653adcdb932d7"},{"path":"node_modules/one-dark-ui/styles/ui-variables.less","digest":"f0cd54bb3195577225c676e2ba1a5f91fdd4a1ab"},{"path":"node_modules/one-dark-ui/styles/ui-variables-custom.less","digest":"912cd9b31c4db8b551f47b4d0ced938a6b62dc95"},{"path":"node_modules/one-dark-syntax/styles/syntax-variables.less","digest":"4737e2c84347b1a399426a81fc903dd3ce1abb52"},{"path":"node_modules/one-dark-syntax/styles/colors.less","digest":"66bba03e9aabff000a84c2839a9d3e9a9fa08e0e"}],"version":1}