<schemalist gettext-domain="extendedgestures">
    <enum id="org.gnome.shell.extensions.extendedgestures.actions">
        <value value="0" nick="overview"/>
        <value value="1" nick="cycle-apps"/>
        <value value="2" nick="app-drawer"/>
        <value value="3" nick="switch-workspace"/>
        <value value="4" nick="show-desktop"/>
        <value value="5" nick="nothing"/>
        <value value="6" nick="next-workspace"/>
        <value value="7" nick="previous-workspace"/>
        <value value="8" nick="go-forward"/>
        <value value="9" nick="go-back"/>
        <value value="10" nick="app-drawer-unanimated"/>
    </enum>
    <schema id="org.gnome.shell.extensions.extendedgestures" path="/org/gnome/shell/extensions/extendedgestures/">
        <key name="left-three-swipes" type="b">
            <default>true</default>
            <summary>3 Finger Left Horizontal Swipes</summary>
            <description>If true, horizontal left 3 finger gestures will perform an actions as set by the user</description>
        </key>
        <key name="left-three-action" enum="org.gnome.shell.extensions.extendedgestures.actions">
            <default>'overview'</default>
            <summary>3 Finger Left Horizontal Swipe Action</summary>
            <description>The action to perform when a 3 finger left horizontal swipe gesture is recognized</description>
        </key>
        <key name="right-three-swipes" type="b">
            <default>true</default>
            <summary>3 Finger Right Horizontal Swipes</summary>
            <description>If true, horizontal right 3 finger gestures will perform an actions as set by the user</description>
        </key>
        <key name="right-three-action" enum="org.gnome.shell.extensions.extendedgestures.actions">
            <default>'overview'</default>
            <summary>3 Finger Right Horizontal Swipe Action</summary>
            <description>The action to perform when a 3 finger right horizontal swipe gesture is recognized</description>
        </key>
        <key name="up-three-swipes" type="b">
            <default>true</default>
            <summary>3 Finger Up Vertical Swipes</summary>
            <description>If true, vertical up 3 finger gestures will perform an actions as set by the user</description>
        </key>
        <key name="up-three-action" enum="org.gnome.shell.extensions.extendedgestures.actions">
            <default>'switch-workspace'</default>
            <summary>3 Finger Up Vertical Swipe Action</summary>
            <description>The action to perform when a 3 finger up vertical swipe gesture is recognized</description>
        </key>
        <key name="down-three-swipes" type="b">
            <default>true</default>
            <summary>3 Finger Down Vertical Swipes</summary>
            <description>If true, vertical down 3 finger gestures will perform an actions as set by the user</description>
        </key>
        <key name="down-three-action" enum="org.gnome.shell.extensions.extendedgestures.actions">
            <default>'switch-workspace'</default>
            <summary>3 Finger Down Vertical Swipe Action</summary>
            <description>The action to perform when a 3 finger down vertical swipe gesture is recognized</description>
        </key>
        <key name="vertical-sensitivity-adjustment" type="i">
            <default>0</default>
            <summary>Vertical Sensitivity Adjustment</summary>
            <description>An adjustment to the default sensitivity to customize the vertical gestures for different hardware</description>
        </key>
        <key name="horizontal-sensitivity-adjustment" type="i">
            <default>0</default>
            <summary>Horizontal Sensitivity Adjustment</summary>
            <description>An adjustment to the default sensitivity to customize the horizontal gestures for different hardware</description>
        </key>
    </schema>
</schemalist>
