{"digest":"90518b619aa4bd61ab28e2a1266b019e77cdc6d7","css":".github-Accordion {\n  cursor: default;\n  user-select: none;\n}\n.github-Accordion-header {\n  font-weight: 600;\n  color: rgba(157, 165, 180, 0.6);\n  padding: 5px;\n  border-bottom: 1px solid #181a1f;\n  display: flex;\n  align-items: center;\n}\n.github-Accordion-header::-webkit-details-marker {\n  color: rgba(157, 165, 180, 0.6);\n}\n.github-Accordion--rightTitle,\n.github-Accordion--leftTitle {\n  flex: 1;\n}\n.github-Accordion-content {\n  border-bottom: 1px solid #181a1f;\n  background-color: #282c34;\n}\n.github-Accordion-content:empty::before {\n  content: \"Empty\";\n  display: block;\n  font-style: italic;\n  text-align: center;\n  color: rgba(157, 165, 180, 0.6);\n}\n.github-Accordion-list {\n  margin: 0;\n  padding: 0;\n  list-style: none;\n}\n.github-Accordion[open] .github-Accordion-header {\n  color: #d7dae0;\n}\n.github-Accordion-listItem {\n  display: flex;\n  align-items: center;\n  padding: 2.5px;\n  border-bottom: 1px solid #181a1f;\n}\n.github-Accordion-listItem:last-child {\n  border: none;\n}\n.github-Accordion-listItem:active {\n  background-color: #31363f;\n}\n","imports":[{"path":"static/variables/ui-variables.less","digest":"b28ed6c38c4cfce23f83a1b012a3968aa63fce4c"},{"path":"static/variables/syntax-variables.less","digest":"812c1b7883a023f768773d14294653adcdb932d7"},{"path":"node_modules/github/styles/variables.less","digest":"c9eb75db5f3647898c9605e16775cc8ffcadf55e"},{"path":"static/variables/ui-variables.less","digest":"b28ed6c38c4cfce23f83a1b012a3968aa63fce4c"},{"path":"static/variables/syntax-variables.less","digest":"812c1b7883a023f768773d14294653adcdb932d7"},{"path":"node_modules/one-dark-ui/styles/ui-variables.less","digest":"f0cd54bb3195577225c676e2ba1a5f91fdd4a1ab"},{"path":"node_modules/one-dark-ui/styles/ui-variables-custom.less","digest":"912cd9b31c4db8b551f47b4d0ced938a6b62dc95"},{"path":"node_modules/one-dark-syntax/styles/syntax-variables.less","digest":"4737e2c84347b1a399426a81fc903dd3ce1abb52"},{"path":"node_modules/one-dark-syntax/styles/colors.less","digest":"66bba03e9aabff000a84c2839a9d3e9a9fa08e0e"},{"path":"node_modules/one-dark-syntax/styles/syntax-variables.less","digest":"4737e2c84347b1a399426a81fc903dd3ce1abb52"}],"version":1}