{"digest":"0a25d61cc6a62297ae12fede424856f9d03d5fbc","css":".github-StubItem-git,\n.github-Git-root {\n  flex: 1;\n  display: flex;\n}\n.github-Git {\n  flex: 1;\n  display: flex;\n  flex-direction: column;\n  min-width: 0;\n  font-family: system-ui;\n  font-size: 12px;\n  color: #9da5b4;\n  -webkit-user-select: none;\n  cursor: default;\n}\n.github-Git.is-loading {\n  color: rgba(157, 165, 180, 0.6);\n}\n.github-Git.no-repository,\n.github-Git.too-many-changes,\n.github-Git.unsupported-directory {\n  display: flex;\n  justify-content: center;\n  font-size: 1.25em;\n  padding: 30px;\n  text-align: center;\n}\n.github-Git.no-repository > *,\n.github-Git.too-many-changes > *,\n.github-Git.unsupported-directory > * {\n  margin: 10px 0;\n}\n.github-Git.no-repository h1,\n.github-Git.too-many-changes h1,\n.github-Git.unsupported-directory h1 {\n  margin-bottom: 30px;\n}\n.github-Git.no-repository button,\n.github-Git.too-many-changes button,\n.github-Git.unsupported-directory button {\n  overflow: hidden;\n  text-overflow: ellipsis;\n}\n.github-Git-LargeIcon:before {\n  margin-right: 0;\n  margin-bottom: 50px;\n  width: auto;\n  height: auto;\n  font-size: 8em;\n  color: #50555f;\n}\n","imports":[{"path":"static/variables/ui-variables.less","digest":"b28ed6c38c4cfce23f83a1b012a3968aa63fce4c"},{"path":"static/variables/syntax-variables.less","digest":"812c1b7883a023f768773d14294653adcdb932d7"},{"path":"node_modules/github/styles/variables.less","digest":"c9eb75db5f3647898c9605e16775cc8ffcadf55e"},{"path":"static/variables/ui-variables.less","digest":"b28ed6c38c4cfce23f83a1b012a3968aa63fce4c"},{"path":"static/variables/syntax-variables.less","digest":"812c1b7883a023f768773d14294653adcdb932d7"},{"path":"node_modules/one-dark-ui/styles/ui-variables.less","digest":"f0cd54bb3195577225c676e2ba1a5f91fdd4a1ab"},{"path":"node_modules/one-dark-ui/styles/ui-variables-custom.less","digest":"912cd9b31c4db8b551f47b4d0ced938a6b62dc95"},{"path":"node_modules/one-dark-syntax/styles/syntax-variables.less","digest":"4737e2c84347b1a399426a81fc903dd3ce1abb52"},{"path":"node_modules/one-dark-syntax/styles/colors.less","digest":"66bba03e9aabff000a84c2839a9d3e9a9fa08e0e"},{"path":"node_modules/one-dark-syntax/styles/syntax-variables.less","digest":"4737e2c84347b1a399426a81fc903dd3ce1abb52"}],"version":1}