{"digest":"d35a214a939000dbc171c96850313197b88ddb00","css":".github-Blank {\n  display: flex;\n  flex-direction: column;\n  justify-content: center;\n  width: 100%;\n  height: 100%;\n}\n.github-Blank-body {\n  flex-grow: 1;\n  display: flex;\n  flex-direction: column;\n  justify-content: center;\n}\n.github-Blank-footer {\n  flex-shrink: 0;\n  padding: 20px 10px;\n}\n.github-Blank-LargeIcon:before {\n  margin-right: 0;\n  margin-top: 50px;\n  margin-bottom: 50px;\n  width: auto;\n  height: auto;\n  font-size: 8em;\n  color: #50555f;\n}\n.github-Blank-banner,\n.github-Blank-context,\n.github-Blank-explanation,\n.github-Blank-LargeIcon {\n  text-align: center;\n}\n.github-Blank-option {\n  display: flex;\n  flex-direction: row;\n  align-items: center;\n}\n.github-Blank-option--explained {\n  margin-bottom: 5px;\n}\n.github-Blank-actionBtn {\n  flex: 1;\n  margin: 0 10%;\n}\n.github-Blank-explanation {\n  margin-left: 5%;\n  margin-right: 5%;\n  color: rgba(157, 165, 180, 0.6);\n}\n.github-Blank-tabLink {\n  margin-left: 0.5em;\n  border-color: inherit;\n  background-color: inherit;\n  border-style: none;\n  border-width: 0;\n  padding: 0;\n  text-decoration: underline;\n}\n.github-Blank-tabLink .icon {\n  padding-right: 0;\n}\n","imports":[{"path":"static/variables/ui-variables.less","digest":"b28ed6c38c4cfce23f83a1b012a3968aa63fce4c"},{"path":"static/variables/syntax-variables.less","digest":"812c1b7883a023f768773d14294653adcdb932d7"},{"path":"node_modules/github/styles/variables.less","digest":"c9eb75db5f3647898c9605e16775cc8ffcadf55e"},{"path":"static/variables/ui-variables.less","digest":"b28ed6c38c4cfce23f83a1b012a3968aa63fce4c"},{"path":"static/variables/syntax-variables.less","digest":"812c1b7883a023f768773d14294653adcdb932d7"},{"path":"node_modules/one-dark-ui/styles/ui-variables.less","digest":"f0cd54bb3195577225c676e2ba1a5f91fdd4a1ab"},{"path":"node_modules/one-dark-ui/styles/ui-variables-custom.less","digest":"912cd9b31c4db8b551f47b4d0ced938a6b62dc95"},{"path":"node_modules/one-dark-syntax/styles/syntax-variables.less","digest":"4737e2c84347b1a399426a81fc903dd3ce1abb52"},{"path":"node_modules/one-dark-syntax/styles/colors.less","digest":"66bba03e9aabff000a84c2839a9d3e9a9fa08e0e"},{"path":"node_modules/one-dark-syntax/styles/syntax-variables.less","digest":"4737e2c84347b1a399426a81fc903dd3ce1abb52"}],"version":1}