{"digest":"2758ad70995f1d1a09dc9fed3f726d7cfe505368","css":".github-StubItem-github,\n.github-GitHub-root {\n  flex: 1;\n  display: flex;\n}\n.github-GitHub {\n  flex: 1;\n  min-width: 0;\n  display: flex;\n  flex-direction: column;\n  -webkit-user-select: none;\n  cursor: default;\n}\n.github-GitHub-content {\n  flex: 1;\n  display: flex;\n  flex-direction: column;\n}\n.github-GitHub-noRemotes,\n.github-GitHub .github-RemoteSelector {\n  flex: 1;\n  display: flex;\n  flex-direction: column;\n  justify-content: center;\n  font-size: 1.25em;\n  text-align: center;\n  padding: 30px;\n}\n.github-GitHub-noRemotes > *,\n.github-GitHub .github-RemoteSelector > * {\n  margin: 10px 0;\n}\n.github-GitHub-noRemotes h1,\n.github-GitHub .github-RemoteSelector h1 {\n  margin-bottom: 30px;\n}\n.github-GitHub .github-RemoteSelector ul {\n  list-style: none;\n  padding-left: 0;\n}\n.github-GitHub .github-RemoteSelector ul li:not(:last-child) {\n  margin-bottom: 10px;\n}\n.github-GitHub .github-RemoteSelector button {\n  width: 100%;\n  overflow: hidden;\n  text-overflow: ellipsis;\n}\n.github-GitHub-LargeIcon:before {\n  margin-right: 0;\n  margin-bottom: 50px;\n  width: auto;\n  height: auto;\n  font-size: 8em;\n  color: #50555f;\n}\n","imports":[{"path":"static/variables/ui-variables.less","digest":"b28ed6c38c4cfce23f83a1b012a3968aa63fce4c"},{"path":"static/variables/syntax-variables.less","digest":"812c1b7883a023f768773d14294653adcdb932d7"},{"path":"node_modules/github/styles/variables.less","digest":"c9eb75db5f3647898c9605e16775cc8ffcadf55e"},{"path":"static/variables/ui-variables.less","digest":"b28ed6c38c4cfce23f83a1b012a3968aa63fce4c"},{"path":"static/variables/syntax-variables.less","digest":"812c1b7883a023f768773d14294653adcdb932d7"},{"path":"node_modules/one-dark-ui/styles/ui-variables.less","digest":"f0cd54bb3195577225c676e2ba1a5f91fdd4a1ab"},{"path":"node_modules/one-dark-ui/styles/ui-variables-custom.less","digest":"912cd9b31c4db8b551f47b4d0ced938a6b62dc95"},{"path":"node_modules/one-dark-syntax/styles/syntax-variables.less","digest":"4737e2c84347b1a399426a81fc903dd3ce1abb52"},{"path":"node_modules/one-dark-syntax/styles/colors.less","digest":"66bba03e9aabff000a84c2839a9d3e9a9fa08e0e"},{"path":"node_modules/one-dark-syntax/styles/syntax-variables.less","digest":"4737e2c84347b1a399426a81fc903dd3ce1abb52"}],"version":1}