{"digest":"b4c63ea5b9b28be0f7fda54713bcb31c29382f9a","css":".github-Popover.tooltip {\n  max-width: 400px;\n  padding-left: 10px;\n  padding-right: 10px;\n  box-sizing: border-box;\n}\n.github-Popover .tooltip-inner.tooltip-inner {\n  padding: 5px;\n  background-color: #21252b;\n  border: 1px solid #181a1f;\n  box-shadow: 0 4px 8px rgba(0, 0, 0, 0.1);\n  color: #9da5b4;\n}\n.github-Popover.top .tooltip-arrow.tooltip-arrow {\n  width: 10px;\n  height: 10px;\n  border-width: 0 0 1px 1px;\n  border-color: #181a1f;\n  background-color: #21252b;\n  border-bottom-right-radius: 2px;\n  transform: rotate(-45deg);\n}\n","imports":[{"path":"static/variables/ui-variables.less","digest":"b28ed6c38c4cfce23f83a1b012a3968aa63fce4c"},{"path":"static/variables/syntax-variables.less","digest":"812c1b7883a023f768773d14294653adcdb932d7"},{"path":"node_modules/github/styles/variables.less","digest":"c9eb75db5f3647898c9605e16775cc8ffcadf55e"},{"path":"static/variables/ui-variables.less","digest":"b28ed6c38c4cfce23f83a1b012a3968aa63fce4c"},{"path":"static/variables/syntax-variables.less","digest":"812c1b7883a023f768773d14294653adcdb932d7"},{"path":"node_modules/one-dark-ui/styles/ui-variables.less","digest":"f0cd54bb3195577225c676e2ba1a5f91fdd4a1ab"},{"path":"node_modules/one-dark-ui/styles/ui-variables-custom.less","digest":"912cd9b31c4db8b551f47b4d0ced938a6b62dc95"},{"path":"node_modules/one-dark-syntax/styles/syntax-variables.less","digest":"4737e2c84347b1a399426a81fc903dd3ce1abb52"},{"path":"node_modules/one-dark-syntax/styles/colors.less","digest":"66bba03e9aabff000a84c2839a9d3e9a9fa08e0e"},{"path":"node_modules/one-dark-syntax/styles/syntax-variables.less","digest":"4737e2c84347b1a399426a81fc903dd3ce1abb52"}],"version":1}