{"digest":"3d0e3fa00e0bad678850ac9cf8314a3c34114faf","css":".github-PrCommitView-container {\n  display: flex;\n  align-items: center;\n  padding: 10px;\n  font-size: 12px;\n  border: 1px solid #181a1f;\n  border-bottom: none;\n}\n.github-PrCommitView-container:first-child {\n  border-top-left-radius: 3px;\n  border-top-right-radius: 3px;\n}\n.github-PrCommitView-container:last-child {\n  border-bottom: 1px solid #181a1f;\n  border-bottom-left-radius: 3px;\n  border-bottom-right-radius: 3px;\n}\n.github-PrCommitView-commit {\n  flex: 1;\n}\n.github-PrCommitView-messageHeadline.is-button {\n  padding: 0;\n  margin-right: 6.66666667px;\n  background-color: transparent;\n  border: none;\n  cursor: pointer;\n  text-align: left;\n  color: #d7dae0;\n}\n.github-PrCommitView-messageHeadline.is-button:hover,\n.github-PrCommitView-messageHeadline.is-button:focus {\n  color: rgba(197, 202, 211, 0.8);\n}\n.github-PrCommitView-title {\n  margin: 0 0 .25em 0;\n  font-size: 1.2em;\n  line-height: 1.4;\n}\n.github-PrCommitView-avatar {\n  border-radius: 3px;\n  height: 16px;\n  margin-right: .4em;\n  width: 16px;\n}\n.github-PrCommitView-metaText {\n  line-height: 16px;\n  vertical-align: middle;\n  color: rgba(157, 165, 180, 0.6);\n}\n.github-PrCommitView-moreButton {\n  margin: 0 auto 0 10px;\n  padding: 0em .2em;\n  color: rgba(157, 165, 180, 0.6);\n  font-style: italic;\n  font-size: .8em;\n  border: 1px solid #181a1f;\n  border-radius: 3px;\n  background-color: #353b45;\n}\n.github-PrCommitView-moreButton:hover {\n  background-color: #3a3f4b;\n}\n.github-PrCommitView-moreText {\n  margin-top: 5px;\n  padding: 0;\n  font-size: inherit;\n  font-family: var(--editor-font-family);\n  word-wrap: initial;\n  word-break: break-word;\n  white-space: initial;\n  background-color: transparent;\n}\n.github-PrCommitView-sha {\n  margin-left: 10px;\n  line-height: 16px;\n  vertical-align: middle;\n  color: #6494ed;\n  font-family: var(--editor-font-family);\n}\n.github-PrCommitView-sha a {\n  color: inherit;\n}\n","imports":[{"path":"static/variables/ui-variables.less","digest":"b28ed6c38c4cfce23f83a1b012a3968aa63fce4c"},{"path":"static/variables/syntax-variables.less","digest":"812c1b7883a023f768773d14294653adcdb932d7"},{"path":"node_modules/github/styles/variables.less","digest":"c9eb75db5f3647898c9605e16775cc8ffcadf55e"},{"path":"static/variables/ui-variables.less","digest":"b28ed6c38c4cfce23f83a1b012a3968aa63fce4c"},{"path":"static/variables/syntax-variables.less","digest":"812c1b7883a023f768773d14294653adcdb932d7"},{"path":"node_modules/one-dark-ui/styles/ui-variables.less","digest":"f0cd54bb3195577225c676e2ba1a5f91fdd4a1ab"},{"path":"node_modules/one-dark-ui/styles/ui-variables-custom.less","digest":"912cd9b31c4db8b551f47b4d0ced938a6b62dc95"},{"path":"node_modules/one-dark-syntax/styles/syntax-variables.less","digest":"4737e2c84347b1a399426a81fc903dd3ce1abb52"},{"path":"node_modules/one-dark-syntax/styles/colors.less","digest":"66bba03e9aabff000a84c2839a9d3e9a9fa08e0e"},{"path":"node_modules/one-dark-syntax/styles/syntax-variables.less","digest":"4737e2c84347b1a399426a81fc903dd3ce1abb52"}],"version":1}