{"digest":"10669925213535f03ea4037f8ade6da2321bca1b","css":".github-PrStatuses-header {\n  display: flex;\n  align-items: center;\n  border: 1px solid #181a1f;\n  padding: 10px;\n  border-radius: 3px 3px 0 0;\n}\n.github-PrStatuses-donut-chart {\n  margin-right: 10px;\n}\n.github-PrStatuses-donut-chart svg {\n  display: block;\n  width: 26px;\n  height: 26px;\n}\n.github-PrStatuses-donut-chart svg circle {\n  cx: 13px;\n  cy: 13px;\n  r: 11px;\n  stroke-width: 4px;\n}\n.github-PrStatuses-summary {\n  font-weight: bold;\n  flex: 1;\n}\n.github-PrStatuses-list {\n  display: flex;\n  flex-direction: column;\n  list-style: none;\n  padding: 0;\n  margin-bottom: 0;\n}\n.github-PrStatuses-list-item {\n  display: flex;\n  flex-direction: row;\n  padding: 5px 10px;\n  border: 1px solid #181a1f;\n  border-top: none;\n}\n.github-PrStatuses-list-item--checkRun {\n  padding-left: 20px;\n}\n.github-PrStatuses-list-item:last-child {\n  border-radius: 0 0 3px 3px;\n}\n.github-PrStatuses-list-item-icon {\n  width: 26px;\n  margin-right: 10px;\n  text-align: center;\n}\n.github-PrStatuses-list-item-icon .icon::before {\n  margin-right: 0;\n}\n.github-PrStatuses-list-item-name {\n  font-weight: bold;\n  color: #6494ed;\n  margin-right: 0.5em;\n}\n.github-PrStatuses-list-item-context {\n  flex: 1;\n  color: rgba(157, 165, 180, 0.6);\n}\n.github-PrStatuses-list-item-context strong {\n  margin-right: .5em;\n  color: #d7dae0;\n}\n.github-PrStatuses-list-item-title {\n  margin-right: 0.5em;\n}\n.github-PrStatuses-list-item-summary {\n  display: inline-flex;\n  font-size: 90%;\n}\n.github-PrStatuses-list-item-details-link {\n  margin-left: .5em;\n  color: #6494ed;\n}\n.github-PrStatuses-list-item-details-link a {\n  color: #6494ed;\n}\n.github-PrStatuses--pending {\n  color: #ffd93d;\n}\n.github-PrStatuses--success {\n  color: #28a745;\n}\n.github-PrStatuses--failure {\n  color: #dc3545;\n}\n.github-PrStatuses--neutral {\n  color: rgba(157, 165, 180, 0.6);\n}\n","imports":[{"path":"static/variables/ui-variables.less","digest":"b28ed6c38c4cfce23f83a1b012a3968aa63fce4c"},{"path":"static/variables/syntax-variables.less","digest":"812c1b7883a023f768773d14294653adcdb932d7"},{"path":"node_modules/github/styles/variables.less","digest":"c9eb75db5f3647898c9605e16775cc8ffcadf55e"},{"path":"static/variables/ui-variables.less","digest":"b28ed6c38c4cfce23f83a1b012a3968aa63fce4c"},{"path":"static/variables/syntax-variables.less","digest":"812c1b7883a023f768773d14294653adcdb932d7"},{"path":"node_modules/one-dark-ui/styles/ui-variables.less","digest":"f0cd54bb3195577225c676e2ba1a5f91fdd4a1ab"},{"path":"node_modules/one-dark-ui/styles/ui-variables-custom.less","digest":"912cd9b31c4db8b551f47b4d0ced938a6b62dc95"},{"path":"node_modules/one-dark-syntax/styles/syntax-variables.less","digest":"4737e2c84347b1a399426a81fc903dd3ce1abb52"},{"path":"node_modules/one-dark-syntax/styles/colors.less","digest":"66bba03e9aabff000a84c2839a9d3e9a9fa08e0e"},{"path":"node_modules/one-dark-syntax/styles/syntax-variables.less","digest":"4737e2c84347b1a399426a81fc903dd3ce1abb52"}],"version":1}