{"digest":"2a689bdd6c49360b284b4f04c973dfb9e0615a73","css":".github-PrTimeline {\n  position: relative;\n  border-top: 1px solid #393e47;\n}\n.github-PrTimeline .timeline-item {\n  padding: 15px 20px;\n  padding-left: 45px;\n  border-top: 1px solid #393e47;\n}\n.github-PrTimeline .emoji,\n.github-PrTimeline g-emoji {\n  margin-right: .25em;\n}\n.github-PrTimeline .author-avatar {\n  width: 20px;\n  height: 20px;\n  margin-right: 5px;\n  border-radius: 3px;\n}\n.github-PrTimeline .open-commit-detail-button {\n  padding: 0;\n  background-color: transparent;\n  border: none;\n}\n.github-PrTimeline .open-commit-detail-button:hover,\n.github-PrTimeline .open-commit-detail-button:focus {\n  color: #d7dae0;\n}\n.github-PrTimeline .open-commit-detail-button:active {\n  color: rgba(157, 165, 180, 0.6);\n}\n.github-PrTimeline .pre-timeline-item-icon {\n  position: absolute;\n  margin-left: -25px;\n  text-align: center;\n  margin-top: 2px;\n  color: #4f545e;\n  border-radius: 20px;\n}\n.github-PrTimeline .commits .info-row {\n  margin-bottom: 10px;\n}\n.github-PrTimeline .commit {\n  display: table-row;\n  align-items: center;\n  margin-left: 20px;\n}\n.github-PrTimeline .commit:first-child {\n  padding-top: 10px;\n}\n.github-PrTimeline .commit:only-child {\n  padding-top: 0;\n  padding-bottom: 0;\n  margin-left: -10px;\n}\n.github-PrTimeline .commit + .issue {\n  margin-top: 5px;\n}\n.github-PrTimeline .commit .commit-author {\n  position: absolute;\n  display: flex;\n}\n.github-PrTimeline .commit .author-avatar {\n  position: relative;\n  margin-right: -16px;\n  width: 20px;\n  height: 20px;\n  border-radius: 3px;\n  background-color: #393e47;\n  box-shadow: 1px 0 #282c34;\n  transition: margin 0.12s cubic-bezier(0.5, 0.1, 0, 1);\n}\n.github-PrTimeline .commit .author-avatar:nth-child(1) {\n  z-index: 3;\n}\n.github-PrTimeline .commit .author-avatar:nth-child(2) {\n  z-index: 2;\n  opacity: .7;\n}\n.github-PrTimeline .commit .author-avatar:nth-child(3) {\n  z-index: 1;\n  opacity: .4;\n}\n.github-PrTimeline .commit .author-avatar:nth-child(n+4) {\n  display: none;\n}\n.github-PrTimeline .commit .author-avatar:only-child,\n.github-PrTimeline .commit .author-avatar:last-child {\n  box-shadow: none;\n}\n.github-PrTimeline .commit .commit-author:hover .author-avatar {\n  display: inline-block;\n  margin-right: 1px;\n  opacity: 1;\n}\n.github-PrTimeline .commit .commit-message-headline {\n  display: table-cell;\n  line-height: 24px;\n  padding: 0 3.33333333px;\n  padding-left: 30px;\n  max-height: 20px;\n  text-overflow: ellipsis;\n  white-space: nowrap;\n  overflow: hidden;\n  max-width: 0;\n  width: 100%;\n}\n.github-PrTimeline .commit .commit-sha {\n  display: table-cell;\n  text-align: right;\n  font-family: monospace;\n  padding-left: 5px;\n  color: #6494ed;\n}\n.github-PrTimeline .comment-message-header {\n  color: rgba(157, 165, 180, 0.6);\n}\n.github-PrTimeline .comment-message-header a {\n  color: inherit;\n}\n.github-PrTimeline .cross-referenced-events {\n  border-spacing: 0 5px;\n}\n.github-PrTimeline .cross-referenced-events .info-row {\n  margin-bottom: 10px;\n}\n.github-PrTimeline .cross-referenced-event {\n  display: table-row;\n}\n.github-PrTimeline .cross-referenced-event:last-child {\n  margin-bottom: 0;\n}\n.github-PrTimeline .cross-referenced-event-header {\n  color: rgba(157, 165, 180, 0.6);\n}\n.github-PrTimeline .cross-referenced-event-label {\n  display: table-cell;\n  width: 100%;\n}\n.github-PrTimeline .cross-referenced-event-label-title {\n  font-weight: bold;\n}\n.github-PrTimeline .cross-referenced-event-label-number {\n  display: inline;\n  margin-left: 5px;\n  white-space: nowrap;\n  color: rgba(157, 165, 180, 0.6);\n}\n.github-PrTimeline .cross-referenced-event-private {\n  display: table-cell;\n}\n.github-PrTimeline .cross-referenced-event-state {\n  display: table-cell;\n  text-align: right;\n}\n.github-PrTimeline .cross-referenced-event-state .badge {\n  margin-left: 5px;\n}\n.github-PrTimeline .sha {\n  font-family: monospace;\n}\n.github-PrTimeline .merged-event {\n  display: flex;\n  align-items: center;\n  font-size: .9em;\n  line-height: 1.3;\n  color: rgba(157, 165, 180, 0.6);\n}\n.github-PrTimeline .merged-event .username,\n.github-PrTimeline .merged-event .merge-ref {\n  font-weight: bold;\n  color: #d7dae0;\n}\n.github-PrTimeline .merged-event ~ .issue {\n  border-bottom-style: dashed;\n}\n.github-PrTimeline .head-ref-force-pushed-event .username {\n  font-weight: bold;\n  color: #d7dae0;\n}\n.github-PrTimeline .head-ref-force-pushed-event .sha {\n  font-weight: bold;\n}\n.github-PrTimeline .issue .info-row {\n  margin-bottom: 6.66666667px;\n}\n.github-PrTimeline .issue .github-DotComMarkdownHtml pre > code {\n  white-space: pre;\n}\n.github-PrTimeline-loadMore {\n  margin: 20px auto 0;\n  text-align: center;\n}\n","imports":[{"path":"static/variables/ui-variables.less","digest":"b28ed6c38c4cfce23f83a1b012a3968aa63fce4c"},{"path":"static/variables/syntax-variables.less","digest":"812c1b7883a023f768773d14294653adcdb932d7"},{"path":"node_modules/github/styles/variables.less","digest":"c9eb75db5f3647898c9605e16775cc8ffcadf55e"},{"path":"static/variables/ui-variables.less","digest":"b28ed6c38c4cfce23f83a1b012a3968aa63fce4c"},{"path":"static/variables/syntax-variables.less","digest":"812c1b7883a023f768773d14294653adcdb932d7"},{"path":"node_modules/one-dark-ui/styles/ui-variables.less","digest":"f0cd54bb3195577225c676e2ba1a5f91fdd4a1ab"},{"path":"node_modules/one-dark-ui/styles/ui-variables-custom.less","digest":"912cd9b31c4db8b551f47b4d0ced938a6b62dc95"},{"path":"node_modules/one-dark-syntax/styles/syntax-variables.less","digest":"4737e2c84347b1a399426a81fc903dd3ce1abb52"},{"path":"node_modules/one-dark-syntax/styles/colors.less","digest":"66bba03e9aabff000a84c2839a9d3e9a9fa08e0e"},{"path":"node_modules/one-dark-syntax/styles/syntax-variables.less","digest":"4737e2c84347b1a399426a81fc903dd3ce1abb52"}],"version":1}