{"digest":"118a5da77647865a0ccc7dce4494103e94bf99cb","css":".github-PushPullMenuView-selector {\n  display: flex;\n  align-items: center;\n}\n.github-PushPullMenuView-item {\n  margin: 5px;\n}\n.github-PushPullMenuView-item.is-flexible {\n  flex: 1;\n}\n.github-PushPullMenuView .icon-mark-github::before {\n  margin-right: 0;\n  color: rgba(157, 165, 180, 0.6);\n}\n.github-PushPullMenuView .btn-group {\n  display: flex;\n}\n.github-PushPullMenuView .btn-group .btn {\n  flex: 1;\n}\n.github-PushPullMenuView .btn-tooltip-wrapper .icon {\n  pointer-events: none;\n}\n.github-PushPullMenuView-message {\n  max-height: 4.8em;\n  margin: 5px;\n  padding: 5px;\n  line-height: 1.4;\n  white-space: normal;\n  text-align: left;\n  overflow-y: auto;\n  border: 1px solid #181a1f;\n  border-radius: 3px;\n  background-color: #31363f;\n}\n.github-PushPullMenuView-message:empty {\n  display: none;\n}\n.github-PushPullMenuView.in-progress .icon-mark-github {\n  position: relative;\n  color: #9da5b4;\n}\n.github-PushPullMenuView.in-progress .icon-mark-github:before {\n  color: inherit;\n}\n.github-PushPullMenuView.in-progress .icon-mark-github:after {\n  content: \"\";\n  position: absolute;\n  top: -4px;\n  left: -4px;\n  width: 24px;\n  height: 24px;\n  border-top: 2px dotted;\n  border-right: 2px dotted;\n  border-bottom: 2px dotted transparent;\n  border-radius: 16px;\n  -webkit-animation: github-PushPullMenuView-animation 2s linear 12, github-PushPullMenuView-animation 4s 24s steps(12) 100;\n}\n@-webkit-keyframes github-PushPullMenuView-animation {\n  100% {\n    transform: rotate(360deg);\n  }\n}\n","imports":[{"path":"static/variables/ui-variables.less","digest":"b28ed6c38c4cfce23f83a1b012a3968aa63fce4c"},{"path":"static/variables/syntax-variables.less","digest":"812c1b7883a023f768773d14294653adcdb932d7"},{"path":"node_modules/github/styles/variables.less","digest":"c9eb75db5f3647898c9605e16775cc8ffcadf55e"},{"path":"static/variables/ui-variables.less","digest":"b28ed6c38c4cfce23f83a1b012a3968aa63fce4c"},{"path":"static/variables/syntax-variables.less","digest":"812c1b7883a023f768773d14294653adcdb932d7"},{"path":"node_modules/one-dark-ui/styles/ui-variables.less","digest":"f0cd54bb3195577225c676e2ba1a5f91fdd4a1ab"},{"path":"node_modules/one-dark-ui/styles/ui-variables-custom.less","digest":"912cd9b31c4db8b551f47b4d0ced938a6b62dc95"},{"path":"node_modules/one-dark-syntax/styles/syntax-variables.less","digest":"4737e2c84347b1a399426a81fc903dd3ce1abb52"},{"path":"node_modules/one-dark-syntax/styles/colors.less","digest":"66bba03e9aabff000a84c2839a9d3e9a9fa08e0e"},{"path":"node_modules/one-dark-syntax/styles/syntax-variables.less","digest":"4737e2c84347b1a399426a81fc903dd3ce1abb52"}],"version":1}