{"digest":"19a43b97680d742c7b3d7f07ce7b29cef8524712","css":".github-ReviewsFooterView {\n  margin-right: auto;\n}\n.github-ReviewsFooterView-footer {\n  display: flex;\n  align-items: center;\n  padding: 10px;\n  border-top: 1px solid #181a1f;\n  background-color: #21252b;\n}\n.github-ReviewsFooterView-footerTitle {\n  font-size: 1.4em;\n  margin: 0 20px 0 0;\n}\n.github-ReviewsFooterView-openReviewsButton,\n.github-ReviewsFooterView-reviewChangesButton {\n  margin-left: 10px;\n}\n.github-ReviewsFooterView-commentCount {\n  margin-right: 10px;\n  color: rgba(157, 165, 180, 0.6);\n}\n.github-ReviewsFooterView-commentsResolved {\n  color: #d7dae0;\n}\n.github-ReviewsFooterView-progessBar {\n  margin-right: 10px;\n}\n","imports":[{"path":"static/variables/ui-variables.less","digest":"b28ed6c38c4cfce23f83a1b012a3968aa63fce4c"},{"path":"static/variables/syntax-variables.less","digest":"812c1b7883a023f768773d14294653adcdb932d7"},{"path":"node_modules/github/styles/variables.less","digest":"c9eb75db5f3647898c9605e16775cc8ffcadf55e"},{"path":"static/variables/ui-variables.less","digest":"b28ed6c38c4cfce23f83a1b012a3968aa63fce4c"},{"path":"static/variables/syntax-variables.less","digest":"812c1b7883a023f768773d14294653adcdb932d7"},{"path":"node_modules/one-dark-ui/styles/ui-variables.less","digest":"f0cd54bb3195577225c676e2ba1a5f91fdd4a1ab"},{"path":"node_modules/one-dark-ui/styles/ui-variables-custom.less","digest":"912cd9b31c4db8b551f47b4d0ced938a6b62dc95"},{"path":"node_modules/one-dark-syntax/styles/syntax-variables.less","digest":"4737e2c84347b1a399426a81fc903dd3ce1abb52"},{"path":"node_modules/one-dark-syntax/styles/colors.less","digest":"66bba03e9aabff000a84c2839a9d3e9a9fa08e0e"},{"path":"node_modules/one-dark-syntax/styles/syntax-variables.less","digest":"4737e2c84347b1a399426a81fc903dd3ce1abb52"}],"version":1}