{"digest":"6199b2b5d3b6d5635fbef381b97f3168ea5f5372","css":".github-StagingView {\n  flex: 1;\n  display: flex;\n  flex-direction: column;\n}\n.github-StagingView-group {\n  flex: 1;\n  display: flex;\n  flex-direction: column;\n}\n.github-StagingView-header {\n  display: flex;\n  align-items: center;\n  padding: 0 0 0 10px;\n  font-weight: 600;\n  border-top: 1px solid #181a1f;\n  border-bottom: 1px solid #181a1f;\n}\n.github-UnstagedChanges > .github-StagingView-header {\n  border-top: none;\n}\n.github-StagingView-header .icon {\n  text-align: center;\n}\n.github-StagingView-header .icon:before {\n  color: rgba(157, 165, 180, 0.6);\n  margin-right: 8.33333333px;\n  vertical-align: middle;\n}\n.github-StagingView-headerButton {\n  height: 2.5em;\n  border: none;\n  padding: 0 10px;\n  font-weight: normal;\n  border-left: 1px solid #181a1f;\n  white-space: nowrap;\n  background: none;\n  cursor: default;\n}\n.github-StagingView-headerButton:disabled {\n  color: rgba(157, 165, 180, 0.6);\n}\n.github-StagingView-headerButton:active {\n  background-color: #3a3f4b;\n}\n.github-StagingView-headerButton.icon:before {\n  margin-right: 0;\n  font-size: 1em;\n  text-align: left;\n}\n.github-StagingView-headerButton--fullWidth {\n  border-left: none;\n  border-bottom: 1px solid #181a1f;\n}\n.github-StagingView-headerButton--iconOnly:before {\n  width: auto;\n}\n.github-StagingView-title {\n  flex: 1;\n  margin-right: 10px;\n  line-height: 2.5em;\n  overflow: hidden;\n  text-overflow: ellipsis;\n  white-space: nowrap;\n}\n.github-StagingView-list {\n  flex: 1 1 0;\n  overflow-x: auto;\n}\n.github-StagingView-group-truncatedMsg {\n  padding: 5px 10px;\n}\n.github-StagingView-group.is-focused .is-selected {\n  color: white;\n  background: #3a3f4b;\n}\n.github-StagingView:focus .github-StagingView-group.is-focused .is-selected {\n  color: #ffffff;\n  background: #4d78cc;\n}\n","imports":[{"path":"static/variables/ui-variables.less","digest":"b28ed6c38c4cfce23f83a1b012a3968aa63fce4c"},{"path":"static/variables/syntax-variables.less","digest":"812c1b7883a023f768773d14294653adcdb932d7"},{"path":"node_modules/github/styles/variables.less","digest":"c9eb75db5f3647898c9605e16775cc8ffcadf55e"},{"path":"static/variables/ui-variables.less","digest":"b28ed6c38c4cfce23f83a1b012a3968aa63fce4c"},{"path":"static/variables/syntax-variables.less","digest":"812c1b7883a023f768773d14294653adcdb932d7"},{"path":"node_modules/one-dark-ui/styles/ui-variables.less","digest":"f0cd54bb3195577225c676e2ba1a5f91fdd4a1ab"},{"path":"node_modules/one-dark-ui/styles/ui-variables-custom.less","digest":"912cd9b31c4db8b551f47b4d0ced938a6b62dc95"},{"path":"node_modules/one-dark-syntax/styles/syntax-variables.less","digest":"4737e2c84347b1a399426a81fc903dd3ce1abb52"},{"path":"node_modules/one-dark-syntax/styles/colors.less","digest":"66bba03e9aabff000a84c2839a9d3e9a9fa08e0e"},{"path":"node_modules/one-dark-syntax/styles/syntax-variables.less","digest":"4737e2c84347b1a399426a81fc903dd3ce1abb52"}],"version":1}