{"digest":"2bfbf0a0eda6af213eee7f347ad95bd41a9e043f","css":".react-tabs {\n  flex: 1;\n  display: flex;\n  flex-direction: column;\n}\n.react-tabs__tab-panel--selected {\n  flex: 1;\n  overflow: auto;\n}\n.github-tab {\n  padding: 5px 15px;\n  text-align: center;\n  font-weight: 600;\n  color: #7e8591;\n  cursor: default;\n  user-select: none;\n}\n.github-tablist {\n  flex: none;\n  display: flex;\n  justify-content: center;\n  padding: 0;\n  margin: 0;\n  list-style: none;\n  border-bottom: 1px solid #181a1f;\n  background-color: #21252b;\n}\n.github-tab-icon {\n  color: #4a4f58;\n  vertical-align: middle;\n}\n.github-tab-icon:before {\n  margin-right: .4em;\n}\n.github-tab-count {\n  display: inline-block;\n  background-color: rgba(45, 49, 56, 0.92);\n  border-radius: 3px;\n  padding: 0 .25em;\n  margin-left: 5px;\n}\n.github-tab.react-tabs__tab--selected {\n  color: white;\n  box-shadow: 0 1px 0 #4d78cc;\n}\n.github-tab.react-tabs__tab--selected .github-tab-icon {\n  color: #9da5b4;\n}\n","imports":[{"path":"static/variables/ui-variables.less","digest":"b28ed6c38c4cfce23f83a1b012a3968aa63fce4c"},{"path":"static/variables/syntax-variables.less","digest":"812c1b7883a023f768773d14294653adcdb932d7"},{"path":"node_modules/github/styles/variables.less","digest":"c9eb75db5f3647898c9605e16775cc8ffcadf55e"},{"path":"static/variables/ui-variables.less","digest":"b28ed6c38c4cfce23f83a1b012a3968aa63fce4c"},{"path":"static/variables/syntax-variables.less","digest":"812c1b7883a023f768773d14294653adcdb932d7"},{"path":"node_modules/one-dark-ui/styles/ui-variables.less","digest":"f0cd54bb3195577225c676e2ba1a5f91fdd4a1ab"},{"path":"node_modules/one-dark-ui/styles/ui-variables-custom.less","digest":"912cd9b31c4db8b551f47b4d0ced938a6b62dc95"},{"path":"node_modules/one-dark-syntax/styles/syntax-variables.less","digest":"4737e2c84347b1a399426a81fc903dd3ce1abb52"},{"path":"node_modules/one-dark-syntax/styles/colors.less","digest":"66bba03e9aabff000a84c2839a9d3e9a9fa08e0e"},{"path":"node_modules/one-dark-syntax/styles/syntax-variables.less","digest":"4737e2c84347b1a399426a81fc903dd3ce1abb52"}],"version":1}