{"digest":"e35a7ff8f4c72b7ab63447c07b852019f211be3f","css":".github-GitTimingsView {\n  width: 100%;\n  height: 100%;\n  overflow: auto;\n}\n.github-GitTimingsView-header {\n  display: flex;\n  justify-content: flex-end;\n  padding: 10px;\n  border-bottom: 1px solid #181a1f;\n}\n.github-GitTimingsView .waterfall-widget {\n  border-radius: 3px;\n  border: 1px solid #181a1f;\n  background-color: #282c34;\n  margin: 10px;\n}\n.github-GitTimingsView .waterfall-header {\n  padding: 5px 5px 0 5px;\n  color: #9da5b4;\n  font-size: 12px;\n  display: flex;\n  border-bottom: 1px solid #181a1f;\n}\n.github-GitTimingsView .waterfall-header .collapse-toggle {\n  cursor: pointer;\n  margin-right: 2px;\n}\n.github-GitTimingsView .waterfall-header-text {\n  flex: 1;\n}\n.github-GitTimingsView .waterfall-header-controls {\n  flex-basis: 250px;\n  display: flex;\n  align-items: center;\n}\n.github-GitTimingsView .waterfall-export-button {\n  margin: 0 10px 3px 0;\n}\n.github-GitTimingsView .waterfall-scroller {\n  overflow: auto;\n}\n.github-GitTimingsView .waterfall-container {\n  position: relative;\n  display: inline-block;\n  min-width: 100%;\n}\n.github-GitTimingsView .waterfall-time-marker {\n  position: absolute;\n  height: 100%;\n  width: 1px;\n  border-left: 1px solid #181a1f;\n}\n.github-GitTimingsView .waterfall-timeline {\n  position: relative;\n  margin: 5px 0;\n}\n.github-GitTimingsView .waterfall-timeline-label {\n  position: absolute;\n  padding-left: 5px;\n  color: #9da5b4;\n}\n.github-GitTimingsView .waterfall-row {\n  position: relative;\n  min-height: 15px;\n  padding: 2px 0;\n}\n.github-GitTimingsView .waterfall-row:nth-child(2n+1) {\n  background-color: #21252b;\n}\n.github-GitTimingsView .waterfall-row:hover {\n  background-color: #181a1f;\n}\n.github-GitTimingsView .waterfall-row-label {\n  position: relative;\n  margin: 0 5px;\n  white-space: nowrap;\n}\n.github-GitTimingsView .waterfall-marker {\n  position: absolute;\n  top: 2px;\n  bottom: 2px;\n}\n.github-GitTimingsView .waterfall-marker-section {\n  display: inline-block;\n  position: relative;\n  height: 100%;\n  vertical-align: top;\n}\n","imports":[{"path":"static/variables/ui-variables.less","digest":"b28ed6c38c4cfce23f83a1b012a3968aa63fce4c"},{"path":"static/variables/syntax-variables.less","digest":"812c1b7883a023f768773d14294653adcdb932d7"},{"path":"node_modules/github/styles/variables.less","digest":"c9eb75db5f3647898c9605e16775cc8ffcadf55e"},{"path":"static/variables/ui-variables.less","digest":"b28ed6c38c4cfce23f83a1b012a3968aa63fce4c"},{"path":"static/variables/syntax-variables.less","digest":"812c1b7883a023f768773d14294653adcdb932d7"},{"path":"node_modules/one-dark-ui/styles/ui-variables.less","digest":"f0cd54bb3195577225c676e2ba1a5f91fdd4a1ab"},{"path":"node_modules/one-dark-ui/styles/ui-variables-custom.less","digest":"912cd9b31c4db8b551f47b4d0ced938a6b62dc95"},{"path":"node_modules/one-dark-syntax/styles/syntax-variables.less","digest":"4737e2c84347b1a399426a81fc903dd3ce1abb52"},{"path":"node_modules/one-dark-syntax/styles/colors.less","digest":"66bba03e9aabff000a84c2839a9d3e9a9fa08e0e"},{"path":"node_modules/one-dark-syntax/styles/syntax-variables.less","digest":"4737e2c84347b1a399426a81fc903dd3ce1abb52"}],"version":1}