{"digest":"81578e2f3e4a06a29558e0c547bb84e082bc9b51","css":".github-UserMentionTooltip {\n  display: flex;\n}\n.github-UserMentionTooltip-avatar {\n  margin: 5px;\n}\n.github-UserMentionTooltip-avatar > img {\n  width: 60px;\n  height: 60px;\n  border-radius: 3px;\n}\n.github-UserMentionTooltip-info {\n  flex: 1;\n  display: flex;\n  flex-direction: column;\n  justify-content: center;\n  margin: 5px 10px;\n  font-size: 12px;\n  line-height: 20px;\n  text-align: left;\n}\n.github-UserMentionTooltip-info > div {\n  white-space: nowrap;\n}\n.github-UserMentionTooltip-info .icon {\n  color: rgba(157, 165, 180, 0.6);\n  vertical-align: middle;\n}\n.github-UserMentionTooltip-info-username {\n  font-size: 1.2em;\n}\n.github-UserMentionTooltip-info-username strong {\n  font-weight: 600;\n}\n","imports":[{"path":"static/variables/ui-variables.less","digest":"b28ed6c38c4cfce23f83a1b012a3968aa63fce4c"},{"path":"static/variables/syntax-variables.less","digest":"812c1b7883a023f768773d14294653adcdb932d7"},{"path":"node_modules/github/styles/variables.less","digest":"c9eb75db5f3647898c9605e16775cc8ffcadf55e"},{"path":"static/variables/ui-variables.less","digest":"b28ed6c38c4cfce23f83a1b012a3968aa63fce4c"},{"path":"static/variables/syntax-variables.less","digest":"812c1b7883a023f768773d14294653adcdb932d7"},{"path":"node_modules/one-dark-ui/styles/ui-variables.less","digest":"f0cd54bb3195577225c676e2ba1a5f91fdd4a1ab"},{"path":"node_modules/one-dark-ui/styles/ui-variables-custom.less","digest":"912cd9b31c4db8b551f47b4d0ced938a6b62dc95"},{"path":"node_modules/one-dark-syntax/styles/syntax-variables.less","digest":"4737e2c84347b1a399426a81fc903dd3ce1abb52"},{"path":"node_modules/one-dark-syntax/styles/colors.less","digest":"66bba03e9aabff000a84c2839a9d3e9a9fa08e0e"},{"path":"node_modules/one-dark-syntax/styles/syntax-variables.less","digest":"4737e2c84347b1a399426a81fc903dd3ce1abb52"}],"version":1}