{
  "_generated": "Generated by SweetTooth, do not edit",
  "description": "Adds a blur look to different parts of the GNOME Shell, including the top panel, dash and overview.\n\nContains some bugs due to the implementation of the blur effect on gnome shell, see https: //gitlab.gnome.org/GNOME/gnome-shell/-/issues/2857 for more informations.\n\nYou can now select which part you want to blur, wether or not you want overview animation and there is an option that reduces a lot the artifacts :)",
  "name": "Blur my Shell",
  "shell-version": [
    "3.36",
    "3.38"
  ],
  "url": "https://github.com/aunetx/gnome-shell-extension-blur-my-shell",
  "uuid": "blur-my-shell@aunetx",
  "version": 3
}