{
  "_generated": "Generated by SweetTooth, do not edit",
  "description": "Configuring where on the (main) screen notifications will appear, instead of just above the message tray",
  "localedir": "/usr/local/share/locale",
  "name": "Panel OSD",
  "shell-version": [
    "3.10",
    "3.12",
    "3.14",
    "3.16",
    "3.18",
    "3.20",
    "3.22",
    "3.24",
    "3.26",
    "3.28",
    "3.30",
    "3.34",
    "3.32",
    "3.36"
  ],
  "url": "https://gitlab.com/jenslody/gnome-shell-extension-panel-osd",
  "uuid": "panel-osd@berend.de.schouwer.gmail.com",
  "version": 38
}